PSN,Campaña Inicial: Nombre,Donante Activo,Tipo de registro de cuenta,Fecha de Captación,Monto Actual,Fecha de Última Donación Global,Segmento RFM,Cantidad Cuotas Pagadas Global,Cantidad Cuotas No Pagadas Global
1020439374,WCB RE-INVERSIÓN 2018,0,Organización,11/7/2018,30000,3/1/2022,,25,33
1020439375,IF4C F2F 3 - 2019,1,Organización,11/5/2018,50000,10/1/2022,,48,9
1020439599,F2F RE-INVERSIÓN 2018,0,Organización,11/12/2018,50000,4/3/2019,,3,53
1020439602,SOYSUVOZ_Facebook-Ads,1,Organización,11/13/2018,50000,10/2/2022,Constantes,50,7
1020439605,,0,Organización,11/19/2018,,11/14/2018,Distantes,1,0
1020439690,,0,Organización,11/21/2018,,11/2/2018,Distantes,1,0
1020439696,IF4C F2F II 2018,0,Organización,11/22/2018,300000,12/1/2020,Constantes,71,14
1020439763,,0,Organización,11/30/2018,,11/8/2019,Distantes,2,0
1020439766,F2F RE-INVERSIÓN 2018,0,Organización,12/2/2018,50000,5/7/2020,Constantes,5,52
1020439771,IF4C F2F II 2018,1,Organización,12/3/2018,42000,10/9/2022,Constantes,52,2
1020439832,F2F RE-INVERSIÓN 2018,0,Organización,11/28/2018,50000,,,0,56
1020439917,IF4C F2F II 2018,0,Organización,12/11/2018,100000,,,0,55
1020439972,,0,Organización,12/11/2018,,12/11/2018,Constantes,1,0
1020440042,IF4C F2F II 2018,0,Organización,12/23/2018,30000,1/13/2020,,6,8
1020440154,SMI_Rescate,0,Organización,1/22/2019,30000,6/5/2019,,5,50
1020440299,WCB REINV 2018 PARA 2019,1,Organización,2/6/2019,80000,10/1/2022,,46,0
1020440572,SMI_Rescate,0,Organización,2/26/2019,20000,,,0,53
1020440444,WCB REINV 2018 PARA 2019,1,Organización,2/13/2019,50000,10/2/2022,,37,17
1020440447,SMI_Rescate,0,Organización,2/18/2019,20000,,,0,0
1020441012,F2F REINV 2018 PARA 2019,1,Organización,3/17/2019,100000,10/1/2022,,30,23
1020441032,WCB REINV 2018 PARA 2019,1,Organización,3/26/2019,50000,10/2/2022,,52,1
1020441485,IF4C F2F 3 - 2019,0,Organización,4/24/2019,100000,12/3/2019,,8,35
1020441495,F2F LOCAL 2017,0,Organización,4/24/2019,20000,4/24/2019,,1,25
1020441944,F2F REINV 2018 PARA 2019,1,Organización,5/11/2019,100000,10/2/2022,,50,0
1020442041,F2F REINV 2018 PARA 2019,0,Organización,5/19/2019,100000,,,0,51
1020442333,F2F REINV 2018 PARA 2019,0,Organización,6/2/2019,50000,3/4/2022,,26,24
1020442339,SPIF F2F 2016,0,Organización,6/6/2019,40000,,,0,50
1020442438,F2F REINV 2018 PARA 2019,0,Organización,6/9/2019,200000,,,0,48
1020442538,F2F REINV 2018 PARA 2019,0,Organización,6/16/2019,30000,5/1/2020,,5,44
1020442722,,0,Organización,9/25/2019,,,,0,1
1020443131,F2F REINV 2018 PARA 2019,0,Organización,6/19/2019,100000,4/1/2020,,10,1
1020443259,,0,Organización,11/15/2017,,4/1/2020,,2,0
1020443261,,0,Organización,7/9/2019,,,,0,0
1020443344,,0,Organización,7/10/2019,,,,0,4
1020443350,,0,Organización,7/10/2019,,,,0,0
1020443355,,0,Organización,7/10/2019,,,,0,2
1020443374,,0,Organización,3/1/2019,,10/31/2022,,47,1
1020443379,,0,Organización,7/15/2019,,,,0,0
1020443382,,0,Organización,7/15/2019,,,,0,0
1020443384,,0,Organización,7/15/2019,,,,0,0
1020443389,,0,Organización,,,,,0,0
1020443390,,0,Organización,6/1/2019,,8/22/2019,,2,0
1020443502,,0,Organización,,,,,0,0
1020443522,F2F REINV 2018 PARA 2019,1,Organización,7/18/2019,30000,10/1/2022,,42,6
1020443535,,0,Organización,7/23/2019,,7/3/2019,,2,0
1020443622,F2F REINV 2018 PARA 2019,1,Organización,7/14/2019,30000,10/2/2022,,48,1
1020443623,F2F REINV 2018 PARA 2019,0,Organización,7/21/2019,2000000,8/1/2019,,1,0
1020443686,F2F REINV 2018 PARA 2019,0,Organización,7/31/2019,300000,11/1/2020,,240,15
1020443690,,0,Organización,,,,,0,0
1020443688,IF4C F2F 3 - 2019,1,Organización,7/23/2019,60000,10/3/2022,,47,0
1020443695,IF4C F2F 3 - 2019,0,Organización,7/25/2019,100000,1/1/2020,,6,1
1020443805,F2F REINV 2018 PARA 2019,1,Organización,7/31/2019,35000,10/1/2022,,43,6
1020444279,SMI_Facebook-Ads,0,Organización,8/22/2019,500000,12/10/2019,,1,3
1020444311,,0,Organización,8/28/2019,,8/17/2019,,1,0
1020444438,WCB REINV 2018 PARA 2019,1,Organización,9/2/2019,50000,10/2/2022,,42,5
1020444560,Mi reto kids 2019 WCB,0,Organización,9/6/2019,50000,10/6/2022,,31,15
1020444572,,0,Organización,9/10/2019,,,,1,1
1020444646,,0,Organización,6/13/2019,,6/13/2019,,1,0
1020444655,,0,Organización,9/17/2019,,,,0,0
1020445102,,0,Organización,9/2/2019,,,,0,0
1020445103,,0,Organización,9/24/2019,,,,0,0
1020445204,F2F REINV 2018 PARA 2019,0,Organización,10/7/2019,20000,10/7/2019,,1,34
1020445315,,0,Organización,7/27/2020,,12/22/2020,,2,0
1020445316,,0,Organización,10/7/2019,,10/9/2019,,0,0
1020445332,,0,Organización,,,,,0,0
1020445520,,0,Organización,5/23/2019,,,,0,0
1020445748,F2F REINVERSION 2019 PARA 2020,0,Organización,9/9/2019,50000,5/1/2022,,7,38
1020445750,F2F REINV 2018 PARA 2019,1,Organización,10/28/2019,100000,10/1/2022,,45,0
1020446742,D2D Activas 2021,1,Organización,12/26/2019,200000,10/17/2022,,28,4
1020447284,IF4C WCB 2020,0,Organización,2/3/2020,30000,12/3/2021,,18,9
1020447562,WCB REINVERSIÓN 2019 PARA 2020,1,Organización,2/20/2020,55000,10/2/2022,,33,11
1020447848,WCB REINVERSIÓN 2019 PARA 2020,0,Organización,3/13/2020,30000,1/1/2021,,8,74
1020447860,WCB REINVERSIÓN 2019 PARA 2020,1,Organización,3/12/2020,20000,10/4/2022,,41,0
1020448380,,0,Organización,4/15/2020,,5/13/2020,,2,0
1020448723,,0,Organización,5/12/2020,,6/8/2020,,2,0
1020448770,,0,Organización,,,,,0,0
1020448778,,0,Organización,5/21/2020,,5/21/2020,,1,0
1020448793,,0,Organización,5/13/2020,,5/14/2020,,1,0
1020448800,,0,Organización,,,,,0,0
1020449864,,0,Organización,8/19/2020,,12/27/2021,,2,0
1020449499,R.F. WCB 2020,0,Organización,7/16/2020,50000,12/1/2020,,1,9
1020449892,,0,Organización,7/31/2020,,,,0,23
1020449978,,0,Organización,8/29/2020,,,,0,22
1020449980,,0,Organización,8/19/2020,,4/26/2021,,1,0
1020450884,,0,Organización,11/4/2020,,11/3/2020,,1,0
1020451052,R.F. WCB 2020,1,Organización,11/10/2020,70000,10/1/2022,,34,0
1020451164,R.F. WCB 2020,0,Organización,11/13/2020,30000,3/2/2022,,17,0
1020451180,R.F. F2F  2020,1,Organización,11/17/2020,30000,10/2/2022,,33,0
1020451196,F2F LOCAL 2017,0,Organización,11/18/2020,50000,9/1/2022,,16,16
1020455593,COF2FD2D 2021,1,Organización,5/9/2021,100000,10/3/2022,,27,0
1020456884,COWCB R.F.2021,1,Organización,,30000,10/1/2022,,22,3
1020457860,COF2FD2D 2021,1,Organización,7/5/2021,100000,10/10/2022,,26,0
1020457895,COWCB R.F.2021,0,Organización,7/8/2021,100000,5/2/2022,,11,0
1020457979,COF2FD2D 2021,0,Organización,5/15/2021,100000,10/19/2022,,2,1
1020459558,COWCBD2D 2021,0,Organización,8/11/2021,100000,8/11/2021,,1,22
1020458799,COWCBD2D 2021,1,Organización,7/26/2021,100000,10/1/2022,,24,0
1020460581,COF2FD2D 2021,0,Organización,8/20/2021,100000,,,0,22
1020461256,COF2FR.F. 2021,1,Organización,8/27/2021,50000,10/1/2022,,22,0
1020465212,COWCB R.F.2021,1,Organización,11/3/2021,30000,10/3/2022,,22,0
1020465623,COWCB R.F.2021,0,Organización,11/11/2021,2000000,,,0,19
1020466614,COF2FD2D2022,1,Organización,11/28/2021,100000,10/1/2022,,18,2
1020466720,COWCB R.F.2021,1,Organización,,30000,10/23/2022,,21,0
1020467281,COWCBD2D 2021,0,Organización,11/30/2021,100000,9/28/2022,,11,9
1020467888,COWCBD2D 2021,1,Organización,12/13/2021,300000,10/11/2022,,17,3
1020468454,COWCBD2D 2021,1,Organización,12/21/2021,800000,12/21/2021,,1,1
1020468851,,0,Organización,12/29/2021,,11/3/2021,,1,0
1020468919,,0,Organización,,,,,0,1
1020470718,,0,Organización,1/27/2022,,1/27/2022,,1,0
1020471631,COF2FD2D2022,0,Organización,1/26/2022,100000,,,0,19
1020471952,COF2FD2D2022,1,Organización,,100000,10/1/2022,,17,0
1020476181,,0,Organización,4/16/2022,100000,,,0,16
1020476186,COWCBD2D2022,1,Organización,4/18/2022,100000,10/18/2022,,10,6
1020478130,,0,Organización,5/21/2022,,5/31/2022,,1,0
1020478206,COF2FD2D2022,1,Organización,5/28/2022,100000,10/26/2022,,10,4
1020480902,,0,Organización,7/23/2022,,7/27/2022,,1,0
1020482184,COF2FD2D2022,0,Organización,8/20/2022,100000,8/22/2022,,1,0
1020483185,COWCBD2D2022,1,Organización,9/7/2022,100000,10/4/2022,,11,0
1020483356,COF2FR.F.2022,0,Organización,9/10/2022,100000,,,0,12
1020483743,COF2FD2D2022,1,Organización,9/25/2022,100000,10/1/2022,,10,0
1020483929,COWCBD2D2022,1,Organización,9/30/2022,100000,10/15/2022,,10,0
1020485161,COF2FR.F.2022,0,Organización,10/15/2022,100000,,,0,8
1020485247,COWCBD2D2022,1,Organización,10/22/2022,100000,10/22/2022,,7,3
1020486624,COWCBD2D2022,1,Organización,11/17/2022,100000,,,9,0
1020486945,,0,Organización,11/27/2022,,,,0,0
1020487737,COF2FD2D2023,1,Organización,12/5/2022,100000,,,2,6
1020488121,COF2FR.F.2023,1,Organización,12/29/2022,30000,,,7,0
1020000525,AMIGOS,0,Organización,5/10/2010,15000,,,79,5
1020000657,AMIGOS,0,Organización,5/10/2010,100000,,,8,0
1020000707,AMIGOS,0,Organización,5/10/2010,15000,,,10,0
1020000749,AMIGOS,0,Organización,5/10/2010,1000000,,,1,0
1020001226,AMIGOS,0,Organización,5/10/2010,30000,,,60,11
1020001275,SPIF DIGITAL 2016,1,Organización,5/10/2010,25000,10/3/2022,Ideales,172,62
1020001549,SPIF CORPORATE 2015,0,Organización,5/10/2010,25000,,,1,0
1020001697,SPIF CORPORATE 2015,0,Organización,5/10/2010,200000,,,7,4
1020001879,SPIF CORPORATE 2015,0,Organización,5/10/2010,80000,,Extraviados,119,61
1020001986,SPIF CORPORATE 2015,0,Organización,5/10/2010,150000,10/31/2016,Distantes,64,75
1020002257,AMIGOS,0,Organización,5/10/2010,30000,,Extraviados,58,31
1020002307,SPIF CORPORATE 2015,0,Organización,5/10/2010,120000,6/1/2020,Constantes,136,68
1020002323,AMIGOS,0,Organización,5/10/2010,200000,,,35,11
1020002893,SPIF CORPORATE 2015,0,Organización,5/10/2010,150000,,,39,8
1020003321,SPIF CORPORATE 2015,0,Organización,5/10/2010,250000,,,39,0
1020003503,SPIF CORPORATE 2015,0,Organización,5/10/2010,20000,6/30/2016,Distantes,115,30
1020003537,SPIF CORPORATE 2015,0,Organización,5/10/2010,100000,8/31/2015,Extraviados,123,48
1020003545,SPIF CORPORATE 2015,0,Organización,5/10/2010,250000,,,18,0
1020003644,SPIF CORPORATE 2015,0,Organización,5/10/2010,20000,,,0,0
1020003685,SPIF CORPORATE 2015,0,Organización,5/10/2010,100000,,,28,0
1020003743,SPIF CORPORATE 2015,0,Organización,5/10/2010,25000,11/19/2019,Constantes,165,46
1020003784,,0,Organización,5/10/2010,,8/1/2016,Extraviados,5,0
1020004444,SPIF CORPORATE 2015,0,Organización,5/10/2010,3000000,,,27,0
1020004584,SPIF CORPORATE 2015,0,Organización,5/10/2010,20000,,,31,0
1020004980,AMIGOS,0,Organización,5/10/2010,100000,,,31,16
1020005391,SPIF CORPORATE 2015,0,Organización,5/10/2010,250000,,,7,0
1020005656,SPIF CORPORATE 2015,1,Organización,5/10/2010,100000,9/3/2022,Ideales,138,25
1020005896,SPIF DIGITAL 2016,1,Organización,5/10/2010,25000,10/3/2022,Ideales,136,55
1020005946,SPIF CORPORATE 2015,0,Organización,5/10/2010,2276640,,,4,0
1020005987,SPIF CORPORATE 2015,0,Organización,5/10/2010,20000,,,0,0
1020006142,SPIF CORPORATE 2015,0,Organización,5/10/2010,150000,,Extraviados,54,52
1020006316,AMIGOS,0,Organización,5/10/2010,20000,,,51,0
1020006332,SPIF CORPORATE 2015,0,Organización,5/10/2010,100000,,,20,0
1020006837,,0,Organización,5/10/2010,,1/15/2016,Extraviados,90,0
1020006845,SPIF CORPORATE 2015,0,Organización,5/10/2010,20000,,,46,0
1020006894,SPIF CORPORATE 2015,0,Organización,5/10/2010,30000,,,37,0
1020006993,AMIGOS,0,Organización,5/10/2010,50000,,,73,0
1020007009,AMIGOS,0,Organización,5/10/2010,70000,5/1/2020,Constantes,180,42
1020007132,SPIF CORPORATE 2015,0,Organización,5/10/2010,15000,,,10,0
1020007157,SPIF CORPORATE 2015,0,Organización,5/10/2010,50000,,,73,0
1020009088,SPIF CORPORATE 2015,0,Organización,5/10/2010,30000,,,34,0
1020009260,AMIGOS,0,Organización,5/10/2010,90000,,,41,0
1020009344,AMIGOS,0,Organización,5/10/2010,20000,,,83,18
1020009567,AMIGOS,0,Organización,5/10/2010,50000,,,47,0
1020010516,SPIF CORPORATE 2015,0,Organización,5/10/2010,100000,7/6/2017,Distantes,155,93
1020010987,AMIGOS,0,Organización,5/10/2010,20000,,,95,13
1020011266,SPIF CORPORATE 2015,0,Organización,5/10/2010,20000,6/15/2018,Constantes,109,12
1020011829,SPIF CORPORATE 2015,0,Organización,5/10/2010,15000,,,35,0
1020011985,AMIGOS,0,Organización,5/10/2010,60000,,,43,0
1020012033,AMIGOS,0,Organización,5/10/2010,25000,8/24/2017,Constantes,93,99
1020012231,AMIGOS,0,Organización,5/10/2010,90000,,,17,0
1020012363,SPIF CORPORATE 2015,0,Organización,5/10/2010,100000,,,87,12
1020012439,SPIF CORPORATE 2015,0,Organización,5/10/2010,65000,3/1/2019,Constantes,150,134
1020012579,SPIF CORPORATE 2015,0,Organización,5/10/2010,150000,,,93,4
1020012645,AMIGOS,1,Organización,5/10/2010,100000,10/1/2022,Constantes,226,28
1020012934,SPIF CORPORATE 2015,0,Organización,5/10/2010,50000,,,49,0
1020013106,AMIGOS,1,Organización,5/10/2010,100000,10/1/2022,Constantes,202,30
1020013320,AMIGOS,0,Organización,5/10/2010,10000,,,51,0
1020013692,AMIGOS,0,Organización,5/10/2010,100000,,,73,0
1020013833,SPIF CORPORATE 2015,0,Organización,5/10/2010,50000,,,85,10
1020014641,SPIF CORPORATE 2015,0,Organización,5/10/2010,30000,,,58,0
1020014799,SPIF CORPORATE 2015,0,Organización,5/10/2010,100000,,,6,0
1020014906,SPIF CORPORATE 2015,0,Organización,5/10/2010,170000,,,79,0
1020015507,AMIGOS,0,Organización,5/10/2010,15000,6/30/2016,Distantes,102,124
1020015531,AMIGOS,0,Organización,5/10/2010,15000,,,40,0
1020016075,SPIF CORPORATE 2015,0,Organización,5/10/2010,100000,,Extraviados,108,54
1020016216,AMIGOS,0,Organización,5/10/2010,2000,,,14,0
1020016752,SPIF CORPORATE 2015,0,Organización,5/10/2010,20000,,,23,0
1020016901,SPIF CORPORATE 2015,0,Organización,5/10/2010,100000,,,9,0
1020017024,,0,Organización,5/10/2010,,,Extraviados,12,1
1020017123,SPIF CORPORATE 2015,0,Organización,5/10/2010,100000,,,44,0
1020017669,SPIF CORPORATE 2015,0,Organización,5/10/2010,30000,,,16,0
1020018386,,0,Organización,5/10/2010,,,Extraviados,12,1
1020018402,SPIF CORPORATE 2015,0,Organización,5/10/2010,30000,7/31/2015,Extraviados,108,143
1020019186,AMIGOS,0,Organización,5/10/2010,85000,7/2/2020,Constantes,189,64
1020020242,SPIF CORPORATE 2015,0,Organización,5/10/2010,35000,,,41,0
1020020432,SPIF CORPORATE 2015,0,Organización,5/10/2010,240000,,,12,0
1020020440,SPIF CORPORATE 2015,0,Organización,5/10/2010,240000,,,42,0
1020020465,SPIF CORPORATE 2015,0,Organización,5/10/2010,360000,,,7,0
1020020473,SPIF CORPORATE 2015,0,Organización,5/10/2010,100000,,,70,0
1020020481,SPIF CORPORATE 2015,0,Organización,5/10/2010,30000,,,26,0
1020020499,AMIGOS,0,Organización,5/10/2010,20000,,,64,0
1020020507,SPIF CORPORATE 2015,0,Organización,5/10/2010,30000,,,82,18
1020020515,SPIF CORPORATE 2015,0,Organización,5/10/2010,20000,,,57,0
1020020523,AMIGOS,1,Organización,5/10/2010,100000,10/1/2022,Constantes,222,28
1020020531,SPIF CORPORATE 2015,0,Organización,5/10/2010,120000,,,12,0
1020020556,SPIF CORPORATE 2015,0,Organización,5/10/2010,15000,,,65,0
1020020564,AMIGOS,0,Organización,5/10/2010,20000,,,65,0
1020020572,SPIF CORPORATE 2015,0,Organización,5/10/2010,50000,,,43,0
1020020580,SPIF CORPORATE 2015,0,Organización,5/10/2010,10000,,,6,0
1020020598,SPIF CORPORATE 2015,0,Organización,5/10/2010,30000,,,70,0
1020020606,AMIGOS,0,Organización,5/10/2010,100000,,,34,0
1020020614,AMIGOS,0,Organización,5/10/2010,10000,,,82,0
1020020622,AMIGOS,0,Organización,5/10/2010,15000,,,56,0
1020020630,AMIGOS,0,Organización,5/10/2010,140000,,,12,0
1020020663,AMIGOS,0,Organización,5/10/2010,50000,6/30/2015,Extraviados,91,0
1020020697,AMIGOS,0,Organización,5/10/2010,15000,,,70,0
1020020705,SPIF CORPORATE 2015,0,Organización,5/10/2010,30000,,,30,0
1020020713,SPIF CORPORATE 2015,0,Organización,5/10/2010,100000,,,52,14
1020020747,AMIGOS,0,Organización,5/10/2010,10000,,,11,0
1020020754,SPIF CORPORATE 2015,0,Organización,5/10/2010,45000,,,62,0
1020020762,AMIGOS,0,Organización,5/10/2010,10000,,,82,0
1020020770,SPIF CORPORATE 2015,0,Organización,5/10/2010,25000,,,65,0
1020020788,AMIGOS,1,Organización,5/10/2010,20000,10/1/2022,Constantes,215,27
1020020796,SPIF CORPORATE 2015,0,Organización,5/10/2010,30000,,,14,0
1020020812,AMIGOS,0,Organización,5/10/2010,10000,,,11,0
1020020846,SPIF CORPORATE 2015,0,Organización,5/10/2010,40000,,,32,16
1020021158,SPIF CORPORATE 2015,0,Organización,5/10/2010,5000,,,36,0
1020021216,SPIF CORPORATE 2015,0,Organización,5/10/2010,100000,,,33,15
1020021414,SPIF CORPORATE 2015,0,Organización,5/10/2010,100000,,,29,18
1020021786,SPIF CORPORATE 2015,0,Organización,5/10/2010,300000,4/30/2015,Extraviados,8,10
1020021794,AMIGOS,0,Organización,5/10/2010,1000000,,,28,0
1020021802,SPIF CORPORATE 2015,0,Organización,5/10/2010,15000,,,70,0
1020021893,SPIF CORPORATE 2015,0,Organización,5/10/2010,20000,,,12,0
1020021901,SPIF CORPORATE 2015,0,Organización,5/10/2010,250000,,,23,0
1020022032,SPIF CORPORATE 2015,0,Organización,5/10/2010,150000,,,47,0
1020022040,SPIF CORPORATE 2015,0,Organización,5/10/2010,150000,12/6/2019,Constantes,143,46
1020022057,SPIF CORPORATE 2015,0,Organización,5/10/2010,100000,,,65,0
1020022214,SPIF CORPORATE 2015,0,Organización,5/10/2010,20000,4/7/2017,Extraviados,89,8
1020022479,SPIF CORPORATE 2015,0,Organización,5/10/2010,15000,,,5,0
1020023014,AMIGOS,0,Organización,5/10/2010,40000,,,67,0
1020023238,AMIGOS,0,Organización,5/10/2010,50000,,,70,0
1020023246,AMIGOS,0,Organización,5/10/2010,10000,,,53,0
1020023337,SPIF CORPORATE 2015,0,Organización,5/10/2010,30000,,,53,0
1020023410,SPIF CORPORATE 2015,0,Organización,5/10/2010,555000,6/30/2015,Extraviados,85,1
1020023436,AMIGOS,0,Organización,5/10/2010,15000,,,53,0
1020023469,AMIGOS,0,Organización,5/10/2010,30000,,,12,0
1020023493,SPIF CORPORATE 2015,0,Organización,5/10/2010,1500000,4/27/2016,Extraviados,22,0
1020023634,SPIF CORPORATE 2015,0,Organización,5/10/2010,30000,,,66,0
1020024012,SPIF CORPORATE 2015,0,Organización,5/10/2010,20000,,,67,0
1020024178,SPIF CORPORATE 2015,0,Organización,5/10/2010,240000,,,5,0
1020024186,SPIF CORPORATE 2015,0,Organización,5/10/2010,300000,,,6,0
1020025027,AMIGOS,0,Organización,5/10/2010,250000,,,25,9
1020025167,SPIF CORPORATE 2015,0,Organización,5/10/2010,33333,,,13,8
1020025217,SPIF CORPORATE 2015,0,Organización,5/10/2010,5000,,,18,0
1020025399,SPIF CORPORATE 2015,0,Organización,5/10/2010,100000,,,33,26
1020025456,SPIF CORPORATE 2015,0,Organización,5/10/2010,3000,,,11,0
1020025563,SPIF CORPORATE 2015,0,Organización,5/10/2010,2000,,,25,0
1020025779,SPIF CORPORATE 2015,0,Organización,5/10/2010,5000,,,17,0
1020026058,SPIF CORPORATE 2015,1,Organización,5/10/2010,250000,10/2/2022,Ideales,188,35
1020026256,AMIGOS,0,Organización,5/10/2010,70000,8/10/2018,Distantes,58,60
1020026389,SPIF CORPORATE 2015,0,Organización,5/10/2010,5000,,,30,0
1020026462,AMIGOS,0,Organización,5/10/2010,150000,6/7/2017,Distantes,83,74
1020027569,SPIF CORPORATE 2015,0,Organización,5/10/2010,1000000,,,4,0
1020027577,SPIF CORPORATE 2015,1,Organización,5/10/2010,400000,10/2/2022,Constantes,179,30
1020027718,SPIF CORPORATE 2015,0,Organización,5/10/2010,30000,,,63,0
1020028203,SPIF CORPORATE 2015,0,Organización,5/10/2010,30000,,,17,0
1020028740,SPIF CORPORATE 2015,0,Organización,5/10/2010,20000,,,62,0
1020028831,SPIF CORPORATE 2015,0,Organización,5/10/2010,25000,,,71,0
1020029086,AMIGOS,0,Organización,5/10/2010,15000,2/15/2016,Distantes,107,119
1020029144,SPIF CORPORATE 2015,0,Organización,5/10/2010,25000,,,42,0
1020029797,SPIF CORPORATE 2015,0,Organización,5/10/2010,120000,1/11/2018,Constantes,49,66
1020029805,SPIF CORPORATE 2015,0,Organización,5/10/2010,530000,,,2,0
1020029813,SPIF CORPORATE 2015,0,Organización,5/10/2010,5000000,,,2,0
1020029821,SPIF CORPORATE 2015,0,Organización,5/10/2010,300000,,,1,0
1020030142,AMIGOS,1,Organización,5/10/2010,15000,10/1/2022,Constantes,220,26
1020030563,SPIF CORPORATE 2015,0,Organización,5/10/2010,30000,,,46,0
1020031165,SPIF CORPORATE 2015,0,Organización,5/10/2010,60000,,,47,0
1020031298,AMIGOS,1,Organización,5/10/2010,50000,10/1/2022,Constantes,217,26
1020031405,SPIF CORPORATE 2015,1,Organización,5/10/2010,150000,10/2/2022,Constantes,207,37
1020031769,AMIGOS,0,Organización,5/10/2010,50000,,,106,11
1020031967,AMIGOS,0,Organización,5/10/2010,25000,3/1/2020,Constantes,173,27
1020032080,AMIGOS,1,Organización,5/10/2010,55000,10/1/2022,Constantes,222,26
1020032841,AMIGOS,1,Organización,5/10/2010,50000,10/1/2022,Constantes,223,26
1020033153,AMIGOS,0,Organización,5/10/2010,25000,,,82,14
1020033732,SPIF CORPORATE 2015,0,Organización,5/10/2010,50000,,,16,0
1020034144,SPIF CORPORATE 2015,0,Organización,5/10/2010,50000,,,3,0
1020034482,AMIGOS,1,Organización,5/10/2010,130000,10/1/2022,Ideales,199,26
1020034789,SPIF CORPORATE 2015,0,Organización,5/10/2010,2000000,,,7,0
1020034888,SPIF CORPORATE 2015,0,Organización,5/10/2010,500000,,,1,0
1020034912,SPIF CORPORATE 2015,0,Organización,5/10/2010,720000,,,1,0
1020035372,SPIF CORPORATE 2015,0,Organización,5/10/2010,40000,3/29/2019,Constantes,131,67
1020035562,AMIGOS,0,Organización,5/10/2010,15000,,,90,4
1020035810,SPIF CORPORATE 2015,0,Organización,5/10/2010,20000,,,0,0
1020035828,SPIF CORPORATE 2015,0,Organización,5/10/2010,20000,,,0,0
1020035893,AMIGOS,0,Organización,5/10/2010,100000,8/1/2017,Constantes,78,35
1020036099,SPIF CORPORATE 2015,0,Organización,5/10/2010,250000,,,62,0
1020036156,SPIF CORPORATE 2015,0,Organización,5/10/2010,1200000,,,7,0
1020036362,SPIF CORPORATE 2015,0,Organización,5/10/2010,600000,,,43,0
1020037287,SPIF CORPORATE 2015,0,Organización,5/10/2010,500000,,,9,0
1020037428,SPIF CORPORATE 2015,0,Organización,5/10/2010,30000,,,16,0
1020037535,SPIF CORPORATE 2015,0,Organización,5/10/2010,20000,,,5,0
1020037543,SPIF CORPORATE 2015,0,Organización,5/10/2010,500000,,,6,0
1020037899,SPIF CORPORATE 2015,0,Organización,5/10/2010,500000,,,1,0
1020037972,SPIF CORPORATE 2015,0,Organización,5/10/2010,200000,,,26,0
1020038046,SPIF CORPORATE 2015,0,Organización,5/10/2010,25000,,,29,0
1020038103,SPIF CORPORATE 2015,1,Organización,5/10/2010,300000,12/2/2021,,13,4
1020038129,SPIF CORPORATE 2015,0,Organización,5/10/2010,240000,,,7,0
1020038343,AMIGOS,0,Organización,5/10/2010,70000,8/31/2015,Extraviados,114,44
1020038731,SPIF CORPORATE 2015,0,Organización,5/10/2010,500000,,,3,0
1020039044,AMIGOS,0,Organización,5/10/2010,160000,4/7/2017,Distantes,141,102
1020039085,SPIF CORPORATE 2015,0,Organización,5/10/2010,20000,,,25,0
1020039143,SPIF CORPORATE 2015,0,Organización,5/10/2010,30000,,,32,0
1020039184,AMIGOS,0,Organización,5/10/2010,20000,8/3/2022,Ideales,142,97
1020039416,SPIF CORPORATE 2015,0,Organización,5/10/2010,150000,10/31/2015,Extraviados,34,1
1020039630,SPIF CORPORATE 2015,0,Organización,5/10/2010,50000,,,26,0
1020040117,AMIGOS,0,Organización,5/10/2010,30000,12/11/2018,Ideales,155,85
1020040331,AMIGOS,1,Organización,5/10/2010,100000,10/2/2022,Constantes,193,27
1020040588,SPIF CORPORATE 2015,0,Organización,5/10/2010,30000,,,34,0
1020040679,AMIGOS,0,Organización,5/10/2010,25000,10/1/2022,Constantes,210,32
1020040703,SPIF CORPORATE 2015,0,Organización,5/10/2010,25000,,,49,0
1020040752,AMIGOS,0,Organización,5/10/2010,50000,,,82,10
1020040778,SPIF CORPORATE 2015,0,Organización,5/10/2010,150000,,,47,13
1020041172,SPIF CORPORATE 2015,0,Organización,5/10/2010,30000,,,21,0
1020041230,SPIF CORPORATE 2015,0,Organización,5/10/2010,20000,,,55,0
1020041487,AMIGOS,1,Organización,5/10/2010,50000,10/1/2022,Constantes,213,26
1020041727,SPIF CORPORATE 2015,0,Organización,5/10/2010,100000,,,2,0
1020041925,SPIF CORPORATE 2015,0,Organización,5/10/2010,140000,,,13,0
1020042105,SPIF CORPORATE 2015,0,Organización,5/10/2010,50000,,,56,0
1020042626,SPIF CORPORATE 2015,0,Organización,5/10/2010,25000,5/31/2017,Distantes,84,70
1020042691,SPIF CORPORATE 2015,0,Organización,5/10/2010,30000,10/22/2019,Distantes,136,51
1020042808,SPIF CORPORATE 2015,0,Organización,5/10/2010,30000,,,35,0
1020042949,AMIGOS,0,Organización,5/10/2010,100000,,Extraviados,56,33
1020043210,SPIF CORPORATE 2015,0,Organización,5/10/2010,40000,,,21,0
1020043483,SPIF CORPORATE 2015,0,Organización,5/10/2010,30000,,,59,2
1020043566,AMIGOS,0,Organización,5/10/2010,20000,2/1/2020,Constantes,169,68
1020043947,SPIF CORPORATE 2015,0,Organización,5/10/2010,20000,,,35,0
1020044127,AMIGOS,0,Organización,5/10/2010,90000,,,11,0
1020044481,SPIF CORPORATE 2015,0,Organización,5/10/2010,300000,6/30/2016,Extraviados,92,65
1020045165,SPIF CORPORATE 2015,0,Organización,5/10/2010,20000,,,0,0
1020045215,SPIF CORPORATE 2015,0,Organización,5/10/2010,250000,,,7,0
1020045520,SPIF CORPORATE 2015,0,Organización,5/10/2010,22000,,,29,0
1020045579,AMIGOS,1,Organización,5/10/2010,100000,10/1/2022,Constantes,212,27
1020045611,AMIGOS,0,Organización,5/10/2010,25000,5/31/2015,Extraviados,107,128
1020045736,SPIF CORPORATE 2015,0,Organización,5/10/2010,20000,,,24,0
1020046064,SPIF CORPORATE 2015,0,Organización,5/10/2010,25000,,,34,0
1020046346,SPIF CORPORATE 2015,0,Organización,5/10/2010,100000,,,21,0
1020046684,AMIGOS,0,Organización,5/10/2010,20000,,,44,0
1020047120,AMIGOS,0,Organización,5/10/2010,20000,,,55,0
1020047401,SPIF CORPORATE 2015,0,Organización,5/10/2010,10000,,,19,10
1020047443,SPIF CORPORATE 2015,0,Organización,5/10/2010,250000,,,6,0
1020047559,SPIF CORPORATE 2015,0,Organización,5/10/2010,100000,7/31/2015,Extraviados,111,40
1020047716,SPIF CORPORATE 2015,0,Organización,5/10/2010,25000,,,13,0
1020047724,AMIGOS,0,Organización,5/10/2010,100000,12/3/2018,Ideales,109,35
1020047807,SPIF CORPORATE 2015,0,Organización,5/10/2010,2000000,,,3,0
1020048854,SPIF CORPORATE 2015,0,Organización,5/10/2010,20000,,,44,0
1020049035,AMIGOS,1,Organización,5/10/2010,20000,10/3/2022,Constantes,204,27
1020049183,SPIF CORPORATE 2015,0,Organización,5/10/2010,30000,,,83,10
1020049589,SPIF CORPORATE 2015,0,Organización,5/10/2010,200000,,,53,0
1020049621,SPIF CORPORATE 2015,0,Organización,5/10/2010,100000,,,23,0
1020049837,SPIF CORPORATE 2015,0,Organización,5/10/2010,25000,,,24,0
1020050025,SPIF CORPORATE 2015,0,Organización,5/10/2010,25000,,,22,0
1020050033,SPIF CORPORATE 2015,0,Organización,5/10/2010,100000,,,62,9
1020050389,SPIF CORPORATE 2015,0,Organización,5/10/2010,20000,,,0,0
1020050546,SPIF CORPORATE 2015,0,Organización,5/10/2010,25000,,,23,0
1020050942,SPIF CORPORATE 2015,0,Organización,5/10/2010,50000,,,26,0
1020051080,SPIF CORPORATE 2015,0,Organización,5/10/2010,240000,,,5,0
1020051114,AMIGOS,0,Organización,5/10/2010,20000,,,75,5
1020051817,SPIF CORPORATE 2015,0,Organización,5/10/2010,2000000,,,1,0
1020051874,AMIGOS,0,Organización,5/10/2010,20000,11/1/2017,Constantes,121,85
1020051981,SPIF CORPORATE 2015,0,Organización,5/10/2010,30000,8/31/2015,Extraviados,105,120
1020052088,SPIF CORPORATE 2015,0,Organización,5/10/2010,300000,,,5,0
1020052765,AMIGOS,1,Organización,5/10/2010,20000,10/1/2022,Constantes,200,28
1020052823,SPIF CORPORATE 2015,0,Organización,5/10/2010,20000,,,29,0
1020052831,SPIF CORPORATE 2015,0,Organización,5/10/2010,25000,,,26,0
1020053367,SPIF CORPORATE 2015,0,Organización,5/10/2010,50000,,,64,8
1020053441,SPIF CORPORATE 2015,0,Organización,5/10/2010,20000,,,39,18
1020053557,SPIF CORPORATE 2015,0,Organización,5/10/2010,90000,,,8,0
1020054241,AMIGOS,1,Organización,5/10/2010,30000,10/1/2022,Constantes,196,31
1020054290,AMIGOS,0,Organización,5/10/2010,30000,12/1/2017,Constantes,104,122
1020054308,SPIF CORPORATE 2015,0,Organización,5/10/2010,70000,,,64,5
1020054563,SPIF CORPORATE 2015,0,Organización,5/10/2010,30000,,,27,0
1020055131,SPIF CORPORATE 2015,0,Organización,5/10/2010,25000,,,27,0
1020055156,SPIF CORPORATE 2015,0,Organización,5/10/2010,50000,,,1,0
1020055362,SPIF CORPORATE 2015,0,Organización,5/10/2010,20000,,,34,0
1020055693,AMIGOS,1,Organización,5/10/2010,30000,10/3/2022,,198,27
1020055743,SPIF CORPORATE 2015,0,Organización,5/10/2010,25000,,,25,0
1020055834,AMIGOS,1,Organización,5/10/2010,1000000,10/1/2022,Constantes,197,27
1020056063,SPIF CORPORATE 2015,0,Organización,5/10/2010,20000,,,33,0
1020056261,SPIF DIGITAL 2016,0,Organización,5/10/2010,20000,11/22/2016,Distantes,101,106
1020056287,AMIGOS,0,Organización,5/10/2010,20000,5/31/2015,Extraviados,97,133
1020056394,AMIGOS,1,Organización,5/10/2010,20000,10/1/2022,Constantes,204,27
1020056949,AMIGOS,0,Organización,5/10/2010,20000,,,0,0
1020057228,AMIGOS,1,Organización,5/10/2010,25000,10/1/2022,Constantes,195,28
1020057277,AMIGOS,0,Organización,5/10/2010,20000,,,53,24
1020057319,AMIGOS,1,Organización,5/10/2010,60000,10/1/2022,,203,26
1020057921,SPIF CORPORATE 2015,0,Organización,5/10/2010,700000,2/29/2020,Constantes,131,46
1020057988,SPIF CORPORATE 2015,0,Organización,5/10/2010,25000,,,29,0
1020058028,AMIGOS,0,Organización,5/10/2010,20000,3/1/2020,Constantes,141,28
1020058176,AMIGOS,1,Organización,5/10/2010,30000,10/1/2022,Constantes,201,28
1020058184,AMIGOS,1,Organización,5/10/2010,20000,10/1/2022,Constantes,202,26
1020058218,AMIGOS,0,Organización,5/10/2010,50000,6/1/2020,Constantes,164,27
1020058226,AMIGOS,0,Organización,5/10/2010,300000,5/5/2021,Constantes,129,80
1020058333,AMIGOS,0,Organización,5/10/2010,30000,4/30/2016,Distantes,116,111
1020058358,AMIGOS,0,Organización,5/10/2010,60000,,,32,12
1020058499,SPIF CORPORATE 2015,0,Organización,5/10/2010,20000,,,18,0
1020058556,AMIGOS,1,Organización,5/10/2010,50000,10/1/2022,Constantes,198,27
1020058580,SPIF CORPORATE 2015,0,Organización,5/10/2010,200000,,,5,0
1020058598,SPIF CORPORATE 2015,0,Organización,5/10/2010,100000,,,15,0
1020058879,SPIF CORPORATE 2015,0,Organización,5/10/2010,50000,,,16,0
1020059034,AMIGOS,0,Organización,5/10/2010,10000,,Distantes,54,137
1020059125,AMIGOS,0,Organización,5/10/2010,30000,3/23/2018,Constantes,136,93
1020059174,SPIF CORPORATE 2015,0,Organización,5/10/2010,240000,,,5,0
1020059190,AMIGOS,0,Organización,5/10/2010,30000,,,8,0
1020059240,AMIGOS,0,Organización,5/10/2010,66666,11/30/2015,Extraviados,59,25
1020059562,SPIF CORPORATE 2015,0,Organización,5/10/2010,30000,,,24,0
1020059711,SPIF CORPORATE 2015,0,Organización,5/10/2010,30000,,,45,0
1020059802,SPIF CORPORATE 2015,0,Organización,5/10/2010,50000,,,66,2
1020059844,SPIF CORPORATE 2015,0,Organización,5/10/2010,20000,,,26,0
1020059901,SPIF CORPORATE 2015,0,Organización,5/10/2010,50000,9/30/2015,Extraviados,109,19
1020060016,AMIGOS,0,Organización,5/10/2010,70000,6/1/2021,Constantes,160,39
1020060024,AMIGOS,1,Organización,5/10/2010,210000,10/1/2022,Constantes,191,33
1020060305,SPIF CORPORATE 2015,0,Organización,5/10/2010,30000,,,35,0
1020060479,SPIF CORPORATE 2015,1,Organización,5/10/2010,100000,10/2/2022,Constantes,164,18
1020060677,SPIF CORPORATE 2015,0,Organización,5/10/2010,30000,,,16,0
1020060941,AMIGOS,0,Organización,5/10/2010,33333,,,38,13
1020061121,SPIF CORPORATE 2015,0,Organización,5/10/2010,1000000,,,12,0
1020061402,SPIF CORPORATE 2015,0,Organización,5/10/2010,5000,,,18,0
1020061527,SPIF CORPORATE 2015,0,Organización,5/10/2010,360000,,,1,0
1020061535,SPIF CORPORATE 2015,0,Organización,5/10/2010,360000,,,1,0
1020061543,SPIF CORPORATE 2015,0,Organización,5/10/2010,20000,,,0,0
1020061709,AMIGOS,1,Organización,5/10/2010,100000,10/1/2022,Constantes,197,26
1020061980,SPIF CORPORATE 2015,0,Organización,5/10/2010,20000,,,2,0
1020062046,AMIGOS,0,Organización,5/10/2010,20000,,,102,21
1020062475,SPIF CORPORATE 2015,0,Organización,5/10/2010,45000,12/6/2020,Constantes,135,11
1020062541,AMIGOS,0,Organización,5/10/2010,550000,,,44,14
1020062616,SPIF CORPORATE 2015,0,Organización,5/10/2010,250000,,,27,16
1020062939,AMIGOS,0,Organización,5/10/2010,25000,,,38,0
1020063002,SPIF CORPORATE 2015,0,Organización,5/10/2010,20000,,,24,0
1020063085,SPIF CORPORATE 2015,0,Organización,5/10/2010,200000,,,4,0
1020063200,AMIGOS,0,Organización,5/10/2010,25000,,,56,2
1020063226,AMIGOS,1,Organización,5/10/2010,20000,10/3/2022,Constantes,151,34
1020064000,SPIF CORPORATE 2015,0,Organización,5/10/2010,30000,,,16,0
1020064265,SPIF CORPORATE 2015,0,Organización,5/10/2010,10000,,,18,0
1020064687,SPIF CORPORATE 2015,0,Organización,5/10/2010,150000,3/31/2016,Extraviados,75,6
1020065544,SPIF CORPORATE 2015,0,Organización,5/10/2010,30000,,,3,0
1020065833,SPIF CORPORATE 2015,0,Organización,5/10/2010,8000000,,,3,2
1020066260,SPIF CORPORATE 2015,0,Organización,5/10/2010,25000,12/16/2020,Constantes,122,36
1020066328,SPIF CORPORATE 2015,0,Organización,5/10/2010,30000,,,46,21
1020066609,AMIGOS,0,Organización,5/10/2010,30000,,,33,20
1020066716,SPIF CORPORATE 2015,0,Organización,5/10/2010,30000,,,27,0
1020066740,SPIF CORPORATE 2015,0,Organización,5/10/2010,25000,,,19,0
1020066757,AMIGOS,0,Organización,5/10/2010,100000,,,44,14
1020066864,AMIGOS,1,Organización,5/10/2010,25000,10/2/2022,Constantes,180,27
1020066914,AMIGOS,0,Organización,5/10/2010,30000,6/30/2015,Extraviados,70,125
1020066930,AMIGOS,0,Organización,5/10/2010,20000,,,0,0
1020067045,AMIGOS,1,Organización,5/10/2010,300000,10/10/2022,Extraviados,105,37
1020067169,,0,Organización,5/10/2010,,6/30/2016,Extraviados,4,0
1020067466,SPIF CORPORATE 2015,0,Organización,5/10/2010,20000,,,0,0
1020067664,SPIF CORPORATE 2015,0,Organización,5/10/2010,50000,,,13,0
1020067821,AMIGOS,0,Organización,5/10/2010,100000,6/1/2019,Constantes,124,30
1020067870,AMIGOS,1,Organización,5/10/2010,30000,10/1/2022,Constantes,164,39
1020068183,SPIF CORPORATE 2015,1,Organización,5/10/2010,30000,10/1/2022,Constantes,123,73
1020068456,AMIGOS,1,Organización,5/10/2010,40000,10/1/2022,Constantes,176,29
1020068696,SPIF CORPORATE 2015,0,Organización,5/10/2010,1000000,,,1,0
1020068803,SPIF CORPORATE 2015,0,Organización,5/10/2010,35000,,,38,20
1020072177,SPIF CORPORATE 2015,0,Organización,5/18/2010,240000,,,0,0
1020072458,SPIF CORPORATE 2015,0,Organización,5/19/2010,250000,,,0,0
1020072466,SPIF CORPORATE 2015,0,Organización,5/19/2010,100000,,,0,0
1020073225,SPIF CORPORATE 2015,0,Organización,8/31/2010,20000,,,0,0
1020073241,,0,Organización,8/31/2010,,9/28/2010,Extraviados,2,1
1020073316,SPIF CORPORATE 2015,0,Organización,9/1/2010,1200000,,,1,0
1020073332,D2D Activas 2021,1,Organización,9/1/2010,100000,10/2/2022,Constantes,153,27
1020073381,SPIF CORPORATE 2015,0,Organización,9/1/2010,500000,,,20,82
1020073407,SPIF CORPORATE 2015,0,Organización,9/1/2010,250000,,,3,0
1020073472,AMIGOS,1,Organización,9/2/2010,100000,10/1/2022,Constantes,152,25
1020073522,SPIF CORPORATE 2015,0,Organización,9/2/2010,300000,9/3/2018,Constantes,32,29
1020073647,SPIF CORPORATE 2015,0,Organización,9/17/2010,100000,,,12,0
1020073696,SPIF CORPORATE 2015,0,Organización,9/17/2010,100000,,,0,0
1020073738,SPIF CORPORATE 2015,0,Organización,9/17/2010,300000,,,0,0
1020073787,AMIGOS,1,Organización,9/29/2010,100000,10/3/2022,Constantes,151,25
1020073837,SPIF CORPORATE 2015,0,Organización,9/30/2010,100000,,,0,0
1020073928,SPIF CORPORATE 2015,0,Organización,10/26/2010,100000,,,1,0
1020073944,SPIF CORPORATE 2015,0,Organización,10/26/2010,100000,,,9,0
1020073951,SPIF CORPORATE 2015,0,Organización,10/26/2010,250000,,,1,0
1020073993,SPIF CORPORATE 2015,0,Organización,10/27/2010,2500000,,,2,0
1020074017,SPIF CORPORATE 2015,0,Organización,10/27/2010,250000,,,1,0
1020074025,SPIF CORPORATE 2015,0,Organización,10/27/2010,3000000,,,1,0
1020074033,SPIF CORPORATE 2015,0,Organización,10/27/2010,2000000,,,1,0
1020074066,SPIF CORPORATE 2015,0,Organización,10/29/2010,1000000,,,1,0
1020074082,SPIF CORPORATE 2015,0,Organización,10/29/2010,500000,,,4,0
1020074108,AMIGOS,1,Organización,10/29/2010,200000,10/2/2022,,147,26
1020074777,SPIF CORPORATE 2015,0,Organización,10/31/2010,240000,,,2,0
1020074975,AMIGOS,0,Organización,11/11/2010,200000,,,9,3
1020075055,SPIF CORPORATE 2015,0,Organización,11/18/2010,5000000,,,1,0
1020075071,SPIF CORPORATE 2015,0,Organización,11/18/2010,500000,,,0,0
1020075253,SPIF CORPORATE 2015,0,Organización,11/23/2010,2000000,,,1,0
1020075295,SPIF CORPORATE 2015,0,Organización,11/25/2010,200000,,Extraviados,23,26
1020075501,SPIF CORPORATE 2015,0,Organización,11/26/2010,100000,,,1,0
1020075519,SPIF CORPORATE 2015,0,Organización,11/26/2010,2000000,,,1,1
1020075527,SPIF CORPORATE 2015,0,Organización,11/26/2010,100000,,,0,0
1020075535,,0,Organización,11/26/2010,,,,1,0
1020075568,SPIF CORPORATE 2015,0,Organización,11/26/2010,100000,3/2/2022,Constantes,132,53
1020075592,AMIGOS,0,Organización,11/27/2010,50000,,,10,0
1020076053,SPIF CORPORATE 2015,0,Organización,11/29/2010,100000,,,0,0
1020077986,,0,Organización,12/30/2010,,,,1,0
1020078109,AMIGOS,0,Organización,12/30/2010,150000,7/15/2020,Ideales,96,78
1020078299,SPIF CORPORATE 2015,0,Organización,12/30/2010,4000000,,,1,0
1020078331,SPIF CORPORATE 2015,0,Organización,12/30/2010,2000000,,,1,0
1020078364,SPIF CORPORATE 2015,0,Organización,12/30/2010,100000,,,1,0
1020078372,SPIF CORPORATE 2015,0,Organización,12/30/2010,5000000,,,1,0
1020078380,,0,Organización,12/30/2010,,11/27/2018,Distantes,2,0
1020078570,SPIF CORPORATE 2015,0,Organización,12/31/2010,250000,,,1,0
1020079073,SPIF CORPORATE 2015,0,Organización,1/24/2011,1000000,,,1,0
1020079081,SPIF CORPORATE 2015,0,Organización,1/24/2011,2172000,,,1,0
1020079271,SPIF CORPORATE 2015,0,Organización,1/25/2011,3000000,,,1,0
1020080113,SPIF CORPORATE 2015,0,Organización,2/10/2011,300000,,,1,0
1020080410,SPIF CORPORATE 2015,0,Organización,2/21/2011,1000000,,,1,0
1020080543,SPIF CORPORATE 2015,0,Organización,3/10/2011,200000,,,0,0
1020080659,SPIF CORPORATE 2015,0,Organización,3/10/2011,1200000,,,1,0
1020081004,SPIF CORPORATE 2015,0,Organización,3/18/2011,100000,,,1,0
1020081053,SPIF CORPORATE 2015,0,Organización,3/18/2011,500000,,,1,0
1020081079,SPIF CORPORATE 2015,0,Organización,3/18/2011,2000000,,,1,0
1020081160,SPIF CORPORATE 2015,1,Organización,3/25/2011,16667,10/3/2022,Constantes,134,22
1020081210,AMIGOS,0,Organización,3/25/2011,200000,1/1/2021,Constantes,45,10
1020081665,SPIF CORPORATE 2015,0,Organización,4/6/2011,250000,,,0,0
1020081863,AMIGOS,0,Organización,4/14/2011,40000,12/1/2017,Constantes,76,92
1020081913,SPIF CORPORATE 2015,0,Organización,4/20/2011,50000,,,1,0
1020082036,,0,Organización,4/20/2011,,,,1,0
1020082382,SPIF CORPORATE 2015,0,Organización,5/5/2011,40000,,,9,0
1020082622,SPIF CORPORATE 2015,0,Organización,5/24/2011,700000,,,1,0
1020082630,SPIF CORPORATE 2015,0,Organización,5/24/2011,1691048,,,1,0
1020082663,AMIGOS,0,Organización,5/31/2011,50000,,,4,0
1020084024,SPIF CORPORATE 2015,0,Organización,7/2/2011,20000,,,1,0
1020084891,SPIF CORPORATE 2015,0,Organización,7/29/2011,250000,10/31/2015,Extraviados,18,34
1020085021,SPIF TELEMERCADEO 2016,0,Organización,8/4/2011,50000,11/30/2015,Extraviados,52,120
1020089387,SPIF CORPORATE 2015,0,Organización,10/14/2011,50000,,,9,6
1020089718,SPIF CORPORATE 2015,0,Organización,10/20/2011,50000,,,1,0
1020092050,SPIF CORPORATE 2015,0,Organización,11/9/2011,20000,,,0,0
1020092274,SPIF CORPORATE 2015,0,Organización,11/15/2011,20000,,,0,0
1020092308,SPIF CORPORATE 2015,0,Organización,11/17/2011,20000,,,0,0
1020092332,SPIF CORPORATE 2015,0,Organización,11/17/2011,20000,,,0,0
1020092340,SPIF CORPORATE 2015,0,Organización,11/17/2011,20000,,,0,0
1020092407,SPIF CORPORATE 2015,0,Organización,11/22/2011,20000,,,0,0
1020092423,SPIF CORPORATE 2015,0,Organización,11/24/2011,20000,,,0,0
1020092431,SPIF CORPORATE 2015,0,Organización,11/25/2011,20000,,,0,0
1020092449,SPIF CORPORATE 2015,0,Organización,11/25/2011,20000,,,0,0
1020110175,SPIF CORPORATE 2015,0,Organización,2/14/2013,20000,,,2,2
1020111314,SPIF CORPORATE 2015,0,Organización,2/27/2013,224000,,,1,0
1020111322,SPIF CORPORATE 2015,0,Organización,2/27/2013,20000,,,0,0
1020111421,SPIF CORPORATE 2015,0,Organización,2/28/2013,108000,,,1,1
1020111462,SPIF CORPORATE 2015,1,Organización,2/28/2013,40000,10/1/2022,Constantes,89,1
1020111660,,0,Organización,3/1/2013,,,,0,1
1020111686,,0,Organización,3/5/2013,,,Distantes,1,6
1020113096,SPIF CORPORATE 2015,0,Organización,3/14/2013,30000,9/30/2015,Distantes,25,118
1020113997,SPIF CORPORATE 2015,0,Organización,3/21/2013,1589500,,,1,1
1020114086,,0,Organización,3/22/2013,,,Distantes,1,6
1020114102,,0,Organización,3/22/2013,,,Distantes,2,6
1020114136,SPIF CORPORATE 2015,0,Organización,3/22/2013,20000,,,0,0
1020114227,,0,Organización,3/26/2013,,,Extraviados,1,3
1020114235,,0,Organización,3/26/2013,,,Extraviados,1,2
1020114243,,0,Organización,3/26/2013,,,Extraviados,1,3
1020114250,,0,Organización,3/26/2013,,,Extraviados,1,2
1020114268,,0,Organización,3/26/2013,,,Extraviados,1,2
1020114284,,0,Organización,3/26/2013,,,Extraviados,1,3
1020114292,,0,Organización,3/26/2013,,,Extraviados,2,3
1020114300,,0,Organización,3/26/2013,,,Extraviados,1,2
1020114318,,0,Organización,3/26/2013,,,Extraviados,1,6
1020114888,SPIF CORPORATE 2015,0,Organización,4/2/2013,50000,,,17,12
1020115661,SPIF CORPORATE 2015,1,Organización,4/11/2013,25000,10/1/2022,Constantes,118,22
1020115794,SPIF CORPORATE 2015,0,Organización,4/16/2013,20000,,,2,2
1020116321,SPIF CORPORATE 2015,0,Organización,4/24/2013,30000,,,3,4
1020118061,SPIF CORPORATE 2015,0,Organización,5/21/2013,150000,2/20/2019,Constantes,51,72
1020120034,SPIF CORPORATE 2015,0,Organización,6/14/2013,50000,,,2,2
1020121404,SPIF CORPORATE 2015,1,Organización,6/26/2013,200000,10/3/2022,Constantes,115,23
1020124721,SPIF CORPORATE 2015,0,Organización,9/11/2013,30000,5/2/2018,Constantes,12,114
1020132195,SPIF TELEMERCADEO 2015,1,Organización,7/21/2014,100000,10/1/2022,Constantes,100,10
1020132203,SGIP F2F I,1,Organización,7/21/2014,20000,10/1/2022,Constantes,100,10
1020132351,SPIF TELEMERCADEO 2015,1,Organización,7/23/2014,50000,10/1/2022,Constantes,100,10
1020132450,F2F IF4C,0,Organización,7/23/2014,50000,10/2/2019,Constantes,28,60
1020132476,SGIP F2F I,1,Organización,7/24/2014,20000,10/2/2022,Constantes,94,0
1020132591,,0,Organización,7/24/2014,30000,8/14/2017,Distantes,17,43
1020132617,SGIP F2F I,0,Organización,7/25/2014,20000,6/30/2015,Extraviados,10,0
1020134811,SGIP F2F I,1,Organización,8/13/2014,20000,10/24/2022,Extraviados,99,11
1020138093,SGIP F2F I,0,Organización,9/4/2014,50000,2/1/2021,Constantes,75,4
1020139265,,0,Organización,9/10/2014,,2/28/2015,Extraviados,7,1
1020140453,SGIP F2F I,0,Organización,9/18/2014,20000,,,12,0
1020140602,SGIP F2F I,0,Organización,9/19/2014,11480000,,,3,0
1020140610,SGIP F2F I,0,Organización,9/19/2014,606150,,,1,0
1020140628,SGIP F2F I,0,Organización,9/19/2014,300000,,,1,0
1020140941,SGIP F2F I,0,Organización,9/22/2014,999996,10/31/2015,Extraviados,13,3
1020141147,,0,Organización,9/23/2014,22850,,,1,0
1020141352,SGIP F2F I,0,Organización,9/24/2014,240000,9/30/2015,Extraviados,4,1
1020141881,SGIP F2F I,1,Organización,9/26/2014,20000,10/3/2022,Constantes,86,20
1020142004,SGIP F2F I,0,Organización,9/29/2014,20000,10/31/2015,Distantes,5,95
1020142251,SGIP F2F I,0,Organización,9/30/2014,50000,4/30/2015,Extraviados,3,7
1020142434,D2D Activas 2021,1,Organización,10/2/2014,2000000,9/20/2022,Extraviados,9,1
1020144174,SPIF CORPORATE 2015,0,Organización,10/16/2014,100000,2/29/2016,Extraviados,8,1
1020144927,SPIF CORPORATE 2015,0,Organización,10/20/2014,400000,12/31/2015,Extraviados,2,3
1020144984,SPIF CORPORATE 2015,0,Organización,10/20/2014,50000,,,0,0
1020145387,SPIF CORPORATE 2015,0,Organización,10/21/2014,50000,1/24/2020,Constantes,54,55
1020146344,SPIF CORPORATE 2015,0,Organización,10/28/2014,60000,,,1,0
1020146666,SPIF CORPORATE 2015,0,Organización,10/29/2014,250000,12/31/2016,Extraviados,23,65
1020146823,SPIF CORPORATE 2015,0,Organización,10/30/2014,50000,3/31/2016,Extraviados,8,0
1020147557,SPIF CORPORATE 2015,0,Organización,11/4/2014,25000,,Extraviados,12,1
1020148886,SPIF CORPORATE 2015,0,Organización,11/14/2014,50000,2/12/2016,Distantes,11,103
1020150155,SGIP F2F III,0,Organización,11/24/2014,100000,9/30/2016,Distantes,17,37
1020153373,SPIF CORPORATE 2015,0,Organización,12/5/2014,3000000,11/23/2021,Distantes,8,2
1020156582,GESTION CORPORATE 2016,1,Organización,12/30/2014,35000000,10/17/2022,Constantes,107,3
1020157689,SPIF CORPORATE 2015,0,Organización,1/8/2015,2602000,,,1,0
1020157838,SPIF CORPORATE 2015,0,Organización,1/9/2015,350000,12/27/2016,Extraviados,3,6
1020158281,SPIF CORPORATE 2015,0,Organización,1/15/2015,3000000,12/31/2015,Extraviados,2,0
1020158299,SPIF CORPORATE 2015,0,Organización,1/15/2015,1538892,,,1,0
1020159081,SPIF CORPORATE 2015,1,Organización,1/26/2015,100000,9/10/2022,Constantes,84,16
1020160170,SPIF CORPORATE 2015,0,Organización,1/30/2015,3806072,,,1,0
1020161848,SPIF CORPORATE 2015,0,Organización,2/19/2015,30000,11/3/2021,Constantes,80,8
1020162382,SPIF CORPORATE 2015,0,Organización,2/25/2015,40000,2/28/2015,Extraviados,1,0
1020163935,SPIF F2F 2015,0,Organización,3/12/2015,20000,4/1/2022,,86,15
1020164503,SPIF F2F 2015,0,Organización,3/13/2015,30000,4/19/2018,Distantes,4,4
1020164628,SPIF F2F 2015,0,Organización,3/13/2015,30000,10/6/2019,Constantes,45,51
1020164685,SPIF TELEMERCADEO 2015,1,Organización,3/19/2015,70000,7/2/2022,Extraviados,84,32
1020164792,SPIF F2F 2015,1,Organización,3/20/2015,100000,10/1/2022,Constantes,97,3
1020165492,SPIF CORPORATE 2015,0,Organización,3/24/2015,600000,3/31/2015,Extraviados,1,0
1020165658,SGIP F2F III,1,Organización,3/26/2015,30000,10/2/2022,Constantes,96,5
1020165922,SPIF F2F 2015,1,Organización,3/27/2015,50000,10/2/2022,Constantes,96,12
1020166490,SPIF F2F 2015,0,Organización,3/31/2015,977571,3/31/2015,Extraviados,1,0
1020167068,SGIP F2F III,0,Organización,4/7/2015,20000,7/3/2018,Constantes,14,32
1020168355,SPIF CORPORATE 2015,0,Organización,4/13/2015,1000000,4/30/2015,Extraviados,1,0
1020168389,SPIF F2F 2015,0,Organización,4/14/2015,700000,3/31/2015,Extraviados,1,0
1020169973,,0,Organización,4/20/2015,,10/31/2015,Extraviados,5,0
1020170070,SGIP F2F III,1,Organización,4/20/2015,50000,10/1/2022,Constantes,99,0
1020173116,SGIP F2F III,1,Organización,5/6/2015,20000,10/1/2022,Constantes,80,21
1020173124,SPIF F2F 2015,0,Organización,5/6/2015,40000,10/31/2015,Distantes,6,96
1020174932,SPIF TELEMERCADEO 2015,0,Organización,5/14/2015,40000,4/11/2018,Constantes,20,82
1020176846,,0,Organización,5/19/2015,34560,5/31/2015,Extraviados,2,1
1020177109,SPIF CORPORATE 2015,0,Organización,5/20/2015,60000,9/30/2015,Distantes,3,12
1020177463,SPIF CORPORATE 2015,0,Organización,5/22/2015,100000,1/11/2021,Constantes,57,39
1020177471,SPIF CORPORATE 2015,0,Organización,5/22/2015,500000,8/31/2015,Extraviados,2,0
1020178081,,0,Organización,5/26/2015,301600,5/31/2015,Extraviados,1,0
1020178099,,0,Organización,5/26/2015,55420,4/30/2015,Extraviados,2,0
1020178446,SPIF CORPORATE 2015,0,Organización,5/27/2015,100000,6/1/2020,Constantes,62,49
1020178610,SPIF CORPORATE 2015,0,Organización,5/28/2015,100000,1/3/2017,Extraviados,14,0
1020179295,SPIF CORPORATE 2015,0,Organización,5/29/2015,15000000,5/31/2016,Extraviados,4,0
1020179386,#SoySuVoz 1 (SSV1) - WBC - 2017,0,Organización,5/29/2015,100000,1/19/2018,Constantes,17,26
1020179428,SPIF CORPORATE 2015,0,Organización,5/29/2015,150000,8/31/2015,Extraviados,3,0
1020179469,SPIF CORPORATE 2015,0,Organización,5/29/2015,100000,5/31/2016,Distantes,9,93
1020179675,,0,Organización,6/2/2015,,5/31/2015,Extraviados,1,0
1020180178,SPIF F2F 2015,0,Organización,6/3/2015,100000,10/31/2015,Extraviados,4,0
1020180566,SPIF F2F 2015,1,Organización,6/5/2015,50000,10/2/2022,Constantes,92,6
1020181192,,0,Organización,6/9/2015,1050000,12/15/2020,Extraviados,2,0
1020182521,SPIF TELEMERCADEO 2015,0,Organización,6/13/2015,50000,8/17/2017,Constantes,15,22
1020184600,SPIF F2F 2015,0,Organización,6/20/2015,20000,6/1/2019,Constantes,36,57
1020184675,,0,Organización,6/24/2015,3000000,5/30/2015,Extraviados,1,0
1020184865,SPIF CORPORATE 2015,0,Organización,6/24/2015,105000,6/30/2015,Extraviados,1,0
1020184873,SPIF CORPORATE 2015,0,Organización,6/24/2015,70000,6/30/2015,Extraviados,1,0
1020184899,GESTION CORPORATE 2019,0,Organización,6/24/2015,6000000,7/1/2020,Extraviados,3,0
1020185391,SPIF TELEMERCADEO 2015,1,Organización,6/25/2015,20000,10/1/2022,Constantes,97,1
1020185714,SPIF F2F 2015,0,Organización,6/25/2015,20000,3/31/2016,Extraviados,6,1
1020185771,SPIF CORPORATE 2015,0,Organización,6/25/2015,100000,12/31/2015,Extraviados,3,0
1020185789,SPIF CORPORATE 2015,0,Organización,6/25/2015,100000,9/30/2015,Extraviados,3,0
1020187603,,0,Organización,6/30/2015,,7/31/2018,Extraviados,24,0
1020187637,,0,Organización,6/30/2015,,6/30/2015,Extraviados,2,0
1020189815,SGIP F2F III,0,Organización,7/3/2015,20000,4/7/2017,Extraviados,10,21
1020190318,,0,Organización,7/7/2015,,5/31/2015,Extraviados,1,0
1020190409,SPIF DIGITAL 2015,0,Organización,7/8/2015,30000,11/30/2015,Extraviados,4,1
1020192561,SPIF CORPORATE 2015,0,Organización,7/15/2015,12053270,6/30/2015,Extraviados,1,0
1020193213,SGIP F2F III,0,Organización,7/16/2015,100000,8/31/2016,Distantes,10,24
1020193692,SPIF CORPORATE 2015,0,Organización,7/17/2015,100000,1/13/2016,Extraviados,7,7
1020195614,SGIP F2F III,0,Organización,7/23/2015,20000,3/7/2018,Constantes,15,86
1020196265,,0,Organización,7/24/2015,50000,3/1/2019,Extraviados,44,64
1020196828,,0,Organización,7/27/2015,183820,8/31/2016,Extraviados,4,0
1020197420,SGIP F2F III,1,Organización,7/29/2015,10000,10/1/2022,Constantes,89,8
1020202170,SPIF CORPORATE 2015,0,Organización,8/11/2015,32500000,6/30/2015,Extraviados,1,0
1020202493,,0,Organización,8/12/2015,4387500,6/30/2015,Extraviados,1,0
1020204796,SPIF CORPORATE 2015,0,Organización,8/19/2015,105000,8/31/2015,Extraviados,1,0
1020204986,SPIF DIGITAL 2015,0,Organización,8/19/2015,20000,8/31/2015,Extraviados,1,0
1020205157,SPIF CORPORATE 2015,0,Organización,8/20/2015,3634662,8/31/2015,Extraviados,3,0
1020205165,SPIF CORPORATE 2015,0,Organización,8/20/2015,100000,2/29/2016,Extraviados,7,0
1020205587,SPIF TELEMERCADEO 2016,0,Organización,8/21/2015,50000,10/31/2016,Extraviados,3,39
1020211379,SPIF CORPORATE 2015,0,Organización,9/7/2015,1000000,12/1/2018,Constantes,51,17
1020211734,SPIF F2F 2015,0,Organización,9/8/2015,500000,8/31/2015,Extraviados,1,0
1020214829,SPIF DIGITAL 2015,1,Organización,9/16/2015,100000,10/2/2022,Distantes,80,15
1020215636,SPIF F2F 2015,0,Organización,9/18/2015,20000,12/1/2017,Distantes,27,79
1020217145,SGIP F2F III,0,Organización,9/22/2015,60000,1/5/2021,Distantes,6,6
1020219141,SPIF CORPORATE 2015,0,Organización,9/29/2015,50000,1/2/2022,,67,46
1020221055,SPIF CORPORATE 2015,0,Organización,10/2/2015,7500000,9/30/2015,Extraviados,1,0
1020222210,SPIF TELEMERCADEO 2016,0,Organización,10/6/2015,50000,10/5/2020,Constantes,52,39
1020223861,SPIF F2F 2015,1,Organización,10/8/2015,20000,10/1/2022,Constantes,87,8
1020224141,SPIF F2F 2015,0,Organización,10/8/2015,100000,,,0,13
1020224943,SGIP F2F III,0,Organización,10/14/2015,20000,10/31/2016,Distantes,6,93
1020225791,SPIF CORPORATE 2015,0,Organización,10/15/2015,100000,10/31/2015,Extraviados,1,0
1020229157,SPIF TELEMERCADEO 2016,0,Organización,10/27/2015,30000,8/31/2016,Extraviados,9,85
1020231161,SPIF CORPORATE 2016,0,Organización,10/29/2015,20000,3/31/2016,Extraviados,2,87
1020231641,SGIP F2F III,0,Organización,10/29/2015,50000,12/1/2017,Constantes,20,74
1020231666,SGIP F2F III,1,Organización,10/29/2015,50000,10/1/2022,Constantes,85,9
1020235790,SPIF F2F 2015,1,Organización,11/9/2015,50000,10/1/2022,Constantes,92,1
1020236905,SPIF F2F 2015,1,Organización,11/9/2015,20000,10/1/2022,Constantes,92,2
1020237929,SPIF CORPORATE 2015,0,Organización,11/11/2015,375000,12/31/2015,Extraviados,2,0
1020237945,SPIF F2F 2015,0,Organización,11/11/2015,100000,10/1/2020,Constantes,60,1
1020256846,SPIF CORPORATE 2016,0,Organización,12/3/2015,20000,1/31/2016,Extraviados,1,30
1020256929,,0,Organización,12/4/2015,,10/31/2015,Extraviados,1,0
1020262661,SPIF F2F 2015,0,Organización,12/15/2015,100000,2/29/2016,Extraviados,3,0
1020262760,SPIF CORPORATE 2015,0,Organización,12/16/2015,264812867,12/31/2015,Extraviados,1,0
1020262778,SPIF DIGITAL 2015,0,Organización,12/16/2015,30999999,12/31/2015,Extraviados,1,0
1020265078,SPIF CORPORATE 2016,0,Organización,12/21/2015,20000,2/29/2016,Extraviados,12,30
1020265128,SPIF CORPORATE 2016,0,Organización,12/21/2015,20000,12/1/2017,Distantes,20,2
1020265151,SPIF CORPORATE 2015,0,Organización,12/21/2015,600000,12/21/2015,Extraviados,1,0
1020265169,SPIF DIGITAL 2015,0,Organización,12/21/2015,3000000,1/27/2017,Extraviados,2,64
1020265219,SPIF DIGITAL 2015,0,Organización,12/22/2015,154564672,1/31/2016,Extraviados,1,1
1020265235,SPIF CORPORATE 2016,0,Organización,12/22/2015,20000,9/30/2016,Extraviados,8,15
1020269617,SPIF DIGITAL 2015,0,Organización,12/23/2015,30000,,,0,9
1020272371,SPIF DIGITAL 2015,0,Organización,12/23/2015,125000,12/23/2015,Extraviados,12,0
1020276299,SPIF F2F 2015,0,Organización,12/29/2015,10000000,12/29/2015,Extraviados,1,0
1020276323,SPIF F2F 2015,0,Organización,12/29/2015,20000000,12/31/2016,Extraviados,2,1
1020276364,SPIF F2F 2015,0,Organización,12/29/2015,1000000,12/30/2015,Extraviados,2,12
1020278832,SPIF CORPORATE 2016,0,Organización,1/12/2016,20000,7/31/2016,Distantes,1,0
1020278840,SPIF CORPORATE 2016,0,Organización,1/12/2016,30000,11/12/2019,Constantes,39,45
1020282875,SPIF CORPORATE 2016,0,Organización,1/27/2016,450000,1/27/2016,Extraviados,1,0
1020283311,SPIF CORPORATE 2016,0,Organización,1/27/2016,20000,8/31/2016,Extraviados,7,88
1020283345,SPIF CORPORATE 2016,0,Organización,1/27/2016,100000,3/22/2017,Distantes,12,79
1020283410,SPIF CORPORATE 2016,0,Organización,1/27/2016,100000,,,0,9
1020283675,SPIF CORPORATE 2016,0,Organización,1/28/2016,20000,8/26/2017,Constantes,17,17
1020285290,SPIF F2F 2016,0,Organización,2/2/2016,20000,,,0,0
1020285316,SPIF CORPORATE 2016,0,Organización,2/2/2016,100000,4/1/2020,Constantes,48,7
1020285324,SPIF CORPORATE 2016,0,Organización,2/3/2016,50000,2/1/2020,Distantes,35,56
1020285456,SPIF CORPORATE 2016,0,Organización,2/6/2016,100000,8/31/2016,Extraviados,2,9
1020290936,SPIF CORPORATE 2016,0,Organización,3/2/2016,100000,9/15/2017,Constantes,14,79
1020291009,SPIF CORPORATE 2016,0,Organización,3/7/2016,40000,,,0,7
1020291090,SPIF CORPORATE 2016,0,Organización,3/7/2016,100000,,,0,9
1020291264,SPIF CORPORATE 2016,1,Organización,3/7/2016,50000,10/1/2022,Constantes,86,10
1020292411,D2D Activas 2021,1,Organización,3/8/2016,100000,10/1/2022,,88,2
1020293484,SPIF CORPORATE 2016,0,Organización,3/11/2016,1700000,7/1/2022,Extraviados,5,11
1020293518,SPIF CORPORATE 2016,0,Organización,3/16/2016,100000,3/16/2016,Extraviados,12,17
1020296438,SPIF CORPORATE 2016,0,Organización,3/28/2016,50000,6/1/2018,Constantes,26,66
1020297766,SPIF CORPORATE 2016,1,Organización,3/29/2016,100000,10/3/2022,Constantes,79,9
1020297899,SPIF CORPORATE 2016,1,Organización,3/30/2016,50000,10/3/2022,Constantes,85,5
1020298004,,0,Organización,3/30/2016,,3/30/2016,Extraviados,1,0
1020299176,SPIF CORPORATE 2016,0,Organización,4/7/2016,20000,1/3/2017,Extraviados,4,3
1020300123,SPIF F2F 2016,0,Organización,4/8/2016,250000,8/2/2019,Constantes,38,4
1020301055,SPIF CORPORATE 2016,0,Organización,4/13/2016,30000,4/1/2019,,35,14
1020301576,SPIF CORPORATE 2016,0,Organización,4/19/2016,50000,6/1/2021,Constantes,54,8
1020303101,SPIF CORPORATE 2016,0,Organización,4/27/2016,20000,5/31/2016,Extraviados,1,88
1020305296,SPIF CORPORATE 2016,0,Organización,5/4/2016,50000,,,0,4
1020305494,SPIF CORPORATE 2016,0,Organización,5/6/2016,50000,6/9/2017,Distantes,7,21
1020306823,SPIF DIGITAL 2016,1,Organización,5/12/2016,100000,7/3/2022,Constantes,60,39
1020308688,,0,Organización,5/24/2016,,5/24/2016,Extraviados,1,0
1020311880,GESTION CORPORATE 2016,0,Organización,6/14/2016,4217844,5/31/2016,Extraviados,1,0
1020311922,COF2FD2D 2021,1,Organización,6/14/2016,50000,10/3/2022,Constantes,74,12
1020312185,SPIF F2F 2016,1,Organización,6/15/2016,100000,10/1/2022,Constantes,78,3
1020312375,SPIF F2F 2016,0,Organización,6/15/2016,50000,3/1/2021,Constantes,48,37
1020315683,SPIF TELEMERCADEO 2016,0,Organización,6/29/2016,95000,6/29/2016,Extraviados,1,0
1020317556,SPIF CORPORATE 2016,0,Organización,7/6/2016,100000,,,0,1
1020319982,SPIF CORPORATE 2016,0,Organización,7/14/2016,100000,8/17/2018,Extraviados,20,21
1020321848,SPIF CORPORATE 2016,0,Organización,7/22/2016,1500000,4/1/2019,Constantes,32,65
1020321889,SPIF F2F 2016,0,Organización,7/25/2016,1000000,5/22/2021,,48,49
1020321913,SPIF F2F 2016,0,Organización,7/25/2016,200000,5/3/2020,Constantes,47,50
1020321939,SPIF F2F 2016,0,Organización,7/25/2016,20000,,,0,11
1020323414,SPIF DIGITAL 2016,0,Organización,7/29/2016,30000,8/22/2017,Distantes,8,17
1020325112,SPIF CORPORATE 2016,0,Organización,8/9/2016,50000,7/4/2017,Extraviados,12,0
1020325203,SPIF CORPORATE 2016,0,Organización,8/9/2016,200000,6/3/2020,Constantes,46,6
1020326326,SPIF CORPORATE 2016,0,Organización,8/16/2016,50000,12/31/2016,Extraviados,4,69
1020326391,SPIF CORPORATE 2016,0,Organización,8/16/2016,300000,3/1/2017,Extraviados,8,0
1020326409,SPIF F2F 2016,1,Organización,8/16/2016,20000,10/2/2022,Constantes,83,0
1020327977,SPIF F2F 2016,0,Organización,8/22/2016,50000,,,0,10
1020333942,SPIF CORPORATE 2016,0,Organización,9/19/2016,200000,11/30/2016,Extraviados,1,6
1020334270,SPIF F2F 2016,0,Organización,9/21/2016,20000,5/1/2019,Constantes,32,50
1020340301,SPIF F2F 2016,0,Organización,10/19/2016,20000,2/15/2020,Distantes,25,56
1020341424,SPIF F2F 2016,1,Organización,10/20/2016,20000,10/1/2022,Constantes,81,1
1020343313,SPIF CORPORATE 2016,0,Organización,10/28/2016,1000000,10/28/2016,Extraviados,1,6
1020344550,SPIF F2F 2016,0,Organización,11/2/2016,20000,4/1/2019,Constantes,26,6
1020346027,SPIF CORPORATE 2016,0,Organización,11/10/2016,20000,12/2/2020,Constantes,48,32
1020346035,SPIF F2F 2016,0,Organización,11/10/2016,20000,,,0,0
1020140693,SGIP F2F I,0,Organización,9/22/2014,50000,5/3/2020,Constantes,68,50
1020219448,#MundosPosibles - WBC - 2017,0,Organización,9/29/2015,800000,10/31/2015,Extraviados,1,3
1020219828,SGIP F2F III,0,Organización,9/30/2015,100000,8/31/2016,Distantes,9,33
1020329346,,0,Organización,8/31/2016,200000,5/4/2017,Extraviados,8,1
1020353379,SPIF CORPORATE 2016,0,Organización,12/13/2016,100000,8/3/2022,Constantes,68,13
1020353874,F2F LOCAL 2017,1,Organización,10/15/2016,20000,10/2/2022,Constantes,79,0
1020354385,F2F LOCAL 2017,0,Organización,12/20/2016,300000,12/31/2016,Extraviados,1,6
1020356885,F2F LOCAL 2017,0,Organización,12/2/2016,300000,,,0,78
1020357800,F2F IF4C,1,Organización,1/26/2017,50000,10/1/2022,Constantes,76,2
1020361521,AMIGOS,0,Organización,2/28/2017,1500000,3/25/2021,Extraviados,3,4
1020362214,F2F LOCAL 2017,0,Organización,2/22/2017,200000,7/11/2018,Constantes,13,63
1020364889,#MundosPosibles - WBC - 2017,1,Organización,3/21/2017,30000,10/3/2022,Distantes,76,0
1020366199,F2F LOCAL 2017,0,Organización,2/26/2017,300000,5/3/2020,Constantes,38,1
1020366264,#MundosPosibles - WBC - 2017,1,Organización,4/1/2017,20000,10/3/2022,Distantes,74,2
1020367270,D2D Activas 2021,1,Organización,3/27/2017,200000,10/2/2022,,71,6
1020367403,F2F LOCAL 2017,0,Organización,3/31/2017,200000,8/1/2018,,15,62
1020367411,F2F LOCAL 2017,1,Organización,3/26/2017,50000,10/3/2022,,73,3
1020368328,F2F IF4C,0,Organización,4/8/2017,50000,12/17/2020,,9,1
1020368310,F2F LOCAL 2017,1,Organización,4/9/2017,30000,10/3/2022,,74,1
1020369037,EMERGENCIA MOCOA,1,Organización,4/16/2017,50000,10/2/2022,Constantes,60,1
1020369177,#MundosPosibles - WBC - 2017,1,Organización,4/21/2017,30000,10/1/2022,Constantes,57,19
1020369201,#MundosPosibles - WBC - 2017,0,Organización,4/24/2017,25000,1/2/2018,Distantes,8,66
1020369888,,0,Organización,4/25/2017,,,,0,1
1020369896,,0,Organización,4/25/2017,,,,0,1
1020371181,F2F LOCAL 2017,0,Organización,4/30/2017,100000,,,0,73
1020374789,#MundosPosibles - WBC - 2017,1,Organización,5/30/2017,30000,9/1/2022,Constantes,62,13
1020376727,F2F LOCAL 2017,0,Organización,5/29/2017,100000,7/2/2022,Constantes,32,34
1020377857,F2F LOCAL 2017,1,Organización,6/11/2017,200000,10/2/2022,Constantes,66,7
1020379143,F2F LOCAL 2017,0,Organización,6/16/2017,200000,4/2/2018,Distantes,9,0
1020006619,F2F LOCAL 2017,1,Organización,6/25/2017,30000,9/1/2022,Constantes,38,37
1020381438,F2F LOCAL 2017,0,Organización,7/2/2017,50000,8/1/2018,Distantes,9,4
1020381339,D2D Activas 2021,1,Organización,7/10/2017,200000,10/1/2022,Constantes,72,0
1020384705,#SoySuVoz 1 (SSV1) - WBC - 2017,0,Organización,8/3/2017,50000,11/3/2021,Constantes,49,20
1020384069,F2F IF4C,1,Organización,7/25/2017,50000,10/3/2022,Constantes,72,0
1020384721,SOYSUVOZ_Facebook-Ads,0,Organización,8/4/2017,30000,12/1/2017,Distantes,4,15
1020411544,F2F IF4C,0,Organización,8/5/2017,200000,11/1/2020,Constantes,37,3
1020411597,F2F IF4C,0,Organización,8/1/2017,600000,3/1/2020,,15,17
1020386726,F2F LOCAL 2017,1,Organización,5/19/2017,100000,10/1/2022,Constantes,70,2
1020387559,F2F LOCAL 2017,0,Organización,8/17/2017,200000,,,0,1
1020383549,,0,Organización,7/1/2017,,,,0,1
1020390280,F2F LOCAL 2017,1,Organización,8/30/2017,100000,10/1/2022,,71,0
1020391486,F2F IF4C,0,Organización,9/7/2017,100000,,,0,71
1020391601,#SoySuVoz 1 (SSV1) - WBC - 2017,0,Organización,9/14/2017,20000,7/3/2022,Distantes,44,27
1020391627,#SoySuVoz 1 (SSV1) - WBC - 2017,0,Organización,9/15/2017,20000,10/13/2017,Distantes,1,16
1020392542,#SoySuVoz 1 (SSV1) - WBC - 2017,0,Organización,9/22/2017,30000,2/3/2021,Constantes,32,40
1020393219,F2F LOCAL 2017,0,Organización,9/23/2017,100000,4/3/2020,,12,58
1020395032,F2F LOCAL 2017,0,Organización,10/3/2017,20000,,,0,20
1023658745,,0,Organización,10/10/2017,,,,0,0
1020054789,,0,Organización,10/10/2017,,,,0,0
1020398226,#SoySuVoz 1 (SSV1) - WBC - 2017,0,Organización,9/24/2017,100000,,,0,67
1020398507,#SoySuVoz 1 (SSV1) - WBC - 2017,0,Organización,10/17/2017,30000,3/1/2021,Distantes,30,14
1020398879,F2F IF4C,1,Organización,10/14/2017,50000,10/1/2022,,70,0
1020400899,F2F LOCAL 2017,0,Organización,10/25/2017,30000,,,0,71
1020403844,IF4C F2F II 2018,0,Organización,10/28/2017,50000,8/1/2021,Distantes,34,12
1020395453,F2F LOCAL 2017,0,Organización,9/30/2017,30000,,,0,68
1020013163,AMIGOS,0,Organización,6/1/2004,20000,8/11/2011,,0,0
1020009518,AMIGOS,0,Organización,5/6/2004,40000,7/19/2011,,0,0
1020019822,AMIGOS,0,Organización,9/1/2004,40000,6/30/2011,,0,0
1020021521,AMIGOS,0,Organización,9/1/2004,5000,3/31/2012,,0,0
1020027551,AMIGOS,0,Organización,9/30/2004,530000,5/5/2010,,0,0
1020040489,AMIGOS,0,Organización,6/1/2005,50000,5/5/2010,,0,0
1020043350,AMIGOS,0,Organización,7/25/2005,30000,4/15/2010,,0,0
1020060636,AMIGOS,0,Organización,9/1/2006,20000,9/6/2011,,0,0
1020073290,AMIGOS,0,Organización,8/31/2010,100000,9/28/2010,,0,0
1020073761,AMIGOS,0,Organización,9/17/2010,250000,11/30/2011,,0,0
1020408926,IF4C F2F II 2018,0,Organización,12/3/2017,50000,3/1/2021,,15,25
1020408918,F2F LOCAL 2017,0,Organización,12/3/2017,100000,3/27/2018,,1,6
1020411704,AMIGOS,0,Organización,1/1/2017,20000,,,0,75
1020411967,,0,Organización,3/1/2017,,3/10/2017,,1,0
1020412061,SPIF F2F 2015,0,Organización,12/13/2017,1205485,4/13/2017,Extraviados,1,3
1020412078,AMIGOS,0,Organización,1/26/2018,25000,4/30/2021,Ideales,217,102
1020412080,AMIGOS,0,Organización,1/26/2018,25000,12/24/2018,Ideales,66,73
1020412081,AMIGOS,0,Organización,1/26/2018,25000,11/25/2020,Ideales,56,66
1020412083,AMIGOS,0,Organización,1/26/2018,25000,2/4/2020,Ideales,204,115
1020412090,GESTION CORPORATE 2016,0,Organización,1/3/2017,1000000,4/1/2020,Constantes,8,26
1020412092,AMIGOS,1,Organización,1/1/2017,76000,9/1/2022,Constantes,67,16
1020412095,,0,Organización,5/31/2017,,,,0,0
1020412103,AMIGOS,0,Organización,7/21/2017,50000,12/15/2018,Constantes,4,62
1020412106,,0,Organización,1/1/2017,,12/26/2017,Extraviados,1,0
1020412108,#SoySuVoz 1 (SSV1) - WBC - 2017,0,Organización,8/24/2017,135000,1/2/2018,Constantes,2,64
1020412112,AMIGOS,0,Organización,8/29/2017,319000,2/27/2020,,2,29
1020412120,,0,Organización,5/1/2017,,5/15/2017,Extraviados,1,0
1020412121,,0,Organización,5/1/2017,,5/15/2017,Extraviados,1,0
1020412122,,0,Organización,5/1/2017,,5/15/2017,Extraviados,1,0
1020412123,,0,Organización,5/1/2017,,5/15/2017,Extraviados,1,0
1020412124,,0,Organización,5/1/2017,,5/15/2017,Extraviados,1,0
1020412126,,0,Organización,5/1/2017,,5/15/2017,Extraviados,1,0
1020412239,WCB REINVERSIÓN 2019 PARA 2020,1,Organización,1/2/2018,30000,10/1/2022,,36,2
1020412240,,0,Organización,1/2/2018,,1/2/2018,Distantes,1,0
1020412250,F2F REINV 2018 PARA 2019,0,Organización,12/15/2017,50000,12/3/2020,,5,35
1020412383,F2F LOCAL 2017,0,Organización,12/16/2017,100000,6/1/2020,Constantes,28,15
1020412540,CO Recaudo a domicilio,0,Organización,2/15/2018,30000,,,0,16
1020412542,CO Recaudo a domicilio,0,Organización,3/1/2018,20000,,,0,16
1020412552,#SoySuVoz 1 (SSV1) - WBC - 2017,0,Organización,3/2/2018,40000,,,0,1
1020412571,#SoySuVoz 1 (SSV1) - WBC - 2017,0,Organización,3/2/2018,30000,9/13/2018,Distantes,2,62
1020412648,F2F LOCAL 2017,0,Organización,2/11/2018,200000,,,0,66
1020412686,WCB RE-INVERSIÓN 2018,0,Organización,3/14/2018,30000,,,0,65
1020412838,F2F RE-INVERSIÓN 2018,0,Organización,3/17/2018,100000,11/7/2018,,2,6
1020412839,D2D Activas 2021,0,Organización,3/17/2018,100000,10/3/2022,,62,2
1020412843,,0,Organización,1/19/2018,,2/20/2020,Distantes,5,0
1020412904,WCB RE-INVERSIÓN 2018,0,Organización,4/3/2018,30000,10/1/2018,Distantes,7,57
1020412907,SPIF F2F 2016,0,Organización,4/4/2018,70000,6/6/2019,Constantes,18,105
1020413063,F2F RE-INVERSIÓN 2018,0,Organización,4/8/2018,200000,12/1/2018,,8,3
1020413064,F2F RE-INVERSIÓN 2018,0,Organización,4/8/2018,100000,,,0,14
1020413135,F2F RE-INVERSIÓN 2018,0,Organización,4/8/2018,200000,7/3/2018,,2,1
1020413186,,0,Organización,4/19/2018,,4/19/2018,Distantes,1,0
1020413291,F2F RE-INVERSIÓN 2018,0,Organización,4/21/2018,100000,9/5/2018,Distantes,3,2
1020413311,#SoySuVoz 2 (SSV2) - WBC - 2018,0,Organización,4/18/2018,50000,,,0,63
1020413428,F2F RE-INVERSIÓN 2018,1,Organización,4/30/2018,100000,10/1/2022,Constantes,61,2
1020416614,F2F REINV 2018 PARA 2019,1,Organización,5/6/2018,100000,10/2/2022,,36,29
1020423159,SPIF F2F 2016,0,Organización,5/30/2018,50000,,,0,63
1020423355,R.F. F2F  2020,0,Organización,6/11/2018,100000,7/1/2022,,22,39
1020429748,,0,Organización,6/5/2018,,,,0,0
1020429793,SOYSUVOZ_Facebook-Ads,0,Organización,6/28/2018,30000,2/2/2022,,42,20
1020429866,SOYSUVOZ_Facebook-Ads,0,Organización,7/5/2018,50000,,,0,62
1020429867,WCB RE-INVERSIÓN 2018,1,Organización,7/5/2018,30000,10/3/2022,,61,0
1020429930,,0,Organización,,,,,0,0
1020430405,F2F RE-INVERSIÓN 2018,0,Organización,7/25/2018,30000,12/3/2018,Constantes,5,55
1020430407,F2F RE-INVERSIÓN 2018,0,Organización,7/21/2018,50000,,,0,61
1020430411,F2F RE-INVERSIÓN 2018,0,Organización,7/14/2018,50000,5/4/2021,Constantes,52,16
1020430413,IF4C F2F II 2018,0,Organización,8/2/2018,50000,7/1/2022,Distantes,16,44
1020436408,#SoySuVoz 1 (SSV1) - WBC - 2017,1,Organización,9/6/2018,35000,10/6/2022,Constantes,28,31
1020436417,,0,Organización,8/1/2018,,8/1/2018,Distantes,1,0
1020436549,IF4C F2F II 2018,0,Organización,9/16/2018,100000,,,0,58
1020436553,F2F RE-INVERSIÓN 2018,0,Organización,9/12/2018,50000,12/5/2018,Constantes,3,56
1020436555,SOYSUVOZ_Facebook-Ads,1,Organización,9/19/2018,30000,10/2/2022,Constantes,57,2
1020436558,,0,Organización,9/20/2018,,,,0,0
1020436673,IF4C F2F II 2018,0,Organización,9/25/2018,500000,6/16/2020,Distantes,10,48
1020436751,F2F RE-INVERSIÓN 2018,1,Organización,9/29/2018,50000,7/4/2022,Constantes,33,25
1020436753,F2F RE-INVERSIÓN 2018,0,Organización,9/29/2018,50000,2/3/2022,Constantes,41,17
1020436760,SOYSUVOZ_Facebook-Ads,1,Organización,10/5/2018,30000,10/2/2022,Constantes,58,0
1020438470,D2D Activas 2021,1,Organización,10/5/2018,200000,10/2/2022,Constantes,58,0
1020440206,F2F REINV 2018 PARA 2019,0,Organización,1/3/2019,100000,10/1/2022,,33,22
1020440583,F2F REINVERSION 2019 PARA 2020,0,Organización,2/24/2019,100000,7/15/2020,,4,49
1020444007,F2F REINV 2018 PARA 2019,1,Organización,7/24/2019,100000,10/2/2022,,47,1
1020444284,F2F REINV 2018 PARA 2019,0,Organización,8/15/2019,100000,7/23/2020,,11,37
1020444558,F2F REINV 2018 PARA 2019,0,Organización,8/21/2019,100000,8/1/2021,,18,7
1020444929,F2F REINV 2018 PARA 2019,0,Organización,9/21/2019,100000,5/4/2021,,18,29
1020445745,F2F REINV 2018 PARA 2019,0,Organización,10/26/2019,200000,10/1/2022,,38,8
1020445922,F2F REINV 2018 PARA 2019,1,Organización,11/11/2019,100000,10/2/2022,,45,0
1020446227,IF4C F2F 3 - 2019,1,Organización,11/15/2019,100000,10/2/2022,,45,0
1020446466,D2D Activas 2021,0,Organización,12/1/2019,200000,10/1/2022,,38,6
1020446470,F2F REINVERSION 2019 PARA 2020,1,Organización,12/1/2019,100000,10/1/2022,,42,11
1020446560,F2F REINV 2018 PARA 2019,1,Organización,11/30/2019,100000,10/2/2022,,45,0
1020447261,F2F REINVERSION 2019 PARA 2020,0,Organización,1/25/2020,100000,3/1/2021,,4,39
1020447858,D2D Activas 2021,1,Organización,3/7/2020,200000,10/2/2022,,40,1
1020448064,D2D Activas 2021,0,Organización,3/15/2020,200000,1/1/2021,,4,37
1020449715,WCB REINVERSIÓN 2019 PARA 2020,1,Organización,7/8/2020,400000,10/7/2022,,37,0
1020452094,WCB RE-INVERSIÓN 2018,1,Organización,5/10/2010,60000,10/1/2022,,31,0
1020452370,COWCB R.F.2021,1,Organización,1/25/2021,200000,10/2/2022,,30,2
1020452968,COWCB R.F.2021,0,Organización,2/22/2021,70000,10/1/2022,,21,9
1020456886,,0,Organización,5/25/2021,,,,1,1
1020412684,WCB RE-INVERSIÓN 2018,1,Organización,3/13/2018,20000,10/1/2022,Distantes,54,12
1020439921,AMIGOS,1,Organización,1/11/2018,20000,10/4/2022,Constantes,66,1
1020439976,,0,Organización,12/24/2018,,12/6/2018,,1,0
1020440050,,0,Organización,1/3/2019,,12/10/2018,,1,0
1020440208,F2F REINV 2018 PARA 2019,0,Organización,1/13/2019,200000,10/1/2020,,21,4
1020440210,F2F REINV 2018 PARA 2019,0,Organización,1/17/2019,100000,3/1/2019,,3,52
1020440218,AMIGOS,0,Organización,1/3/2019,40000,1/3/2019,,1,14
1020440258,,0,Organización,1/30/2019,,1/16/2019,,1,0
1020440261,,0,Organización,1/30/2019,,1/10/2019,,1,0
1020440290,,0,Organización,2/5/2019,,12/9/2020,,14,2
1020440353,F2F REINV 2018 PARA 2019,0,Organización,1/30/2019,200000,12/2/2020,,5,19
1020440585,F2F REINV 2018 PARA 2019,0,Organización,2/26/2019,30000,,,0,0
1020440874,F2F REINV 2018 PARA 2019,0,Organización,3/13/2019,100000,1/15/2020,,4,49
1020441013,,0,Organización,3/5/2019,,3/13/2019,,1,0
1020441257,,0,Organización,3/15/2019,,,,0,0
1020441487,AMIGOS,0,Organización,5/10/2010,60000,7/10/2018,,12,71
1020441490,F2F LOCAL 2017,1,Organización,1/28/2018,100000,10/1/2022,,66,0
1020441491,SPIF F2F 2015,0,Organización,10/7/2015,50000,2/14/2018,,22,71
1020441492,#SoySuVoz 1 (SSV1) - WBC - 2017,0,Organización,1/2/2017,50000,9/2/2019,,74,154
1020441493,SPIF CORPORATE 2015,0,Organización,12/18/2012,100000,4/1/2018,,38,77
1020441507,,0,Organización,5/31/2017,,5/31/2017,,1,0
1020441508,SPIF CORPORATE 2016,0,Organización,4/8/2016,100000,7/1/2018,,7,16
1020441665,,0,Organización,4/12/2019,,4/12/2019,,1,0
1020443162,,0,Organización,6/18/2019,,6/18/2019,,1,0
1020443245,,0,Organización,6/21/2019,,6/26/2019,,1,0
1020444009,F2F REINV 2018 PARA 2019,1,Organización,8/7/2019,50000,10/1/2022,,47,0
1020444033,,0,Organización,8/1/2019,,8/1/2019,,1,0
1020444132,,0,Organización,8/4/2019,,,,0,0
1020444556,F2F REINV 2018 PARA 2019,0,Organización,9/1/2019,100000,7/1/2020,,11,36
1020444659,F2F REINV 2018 PARA 2019,1,Organización,9/8/2019,30000,10/3/2022,,46,1
1020444752,F2F REINV 2018 PARA 2019,0,Organización,9/14/2019,30000,,,0,46
1020444927,F2F REINVERSION 2019 PARA 2020,1,Organización,9/21/2019,50000,10/3/2022,,41,6
1020445065,,0,Organización,9/30/2019,,9/30/2019,,1,0
1020445074,,0,Organización,9/30/2019,,11/15/2019,,2,0
1020445100,,0,Organización,9/27/2019,,12/9/2019,,3,1
1020445218,COF2FR.F. 2021,0,Organización,10/5/2019,60000,1/10/2021,,1,15
1020445622,F2F REINV 2018 PARA 2019,0,Organización,10/8/2019,200000,,,0,46
1020445627,,0,Organización,1/19/2018,,7/16/2019,,1,0
1020445743,F2F REINV 2018 PARA 2019,0,Organización,10/26/2019,100000,11/1/2019,,1,44
1020445772,,0,Organización,10/1/2019,,10/1/2019,,1,0
1020446367,,0,Organización,11/22/2019,,1/28/2020,,3,0
1020446370,,0,Organización,11/17/2019,,11/17/2019,,1,0
1020446468,F2F REINV 2018 PARA 2019,0,Organización,12/1/2019,100000,,,0,43
1020446571,F2F REINVERSION 2019 PARA 2020,0,Organización,1/1/2020,30000,9/1/2022,,33,11
1020446802,,0,Organización,12/27/2019,,12/27/2019,,1,0
1020447337,WCB REINVERSIÓN 2019 PARA 2020,0,Organización,2/5/2020,30000,6/3/2020,,5,0
1020447564,F2F REINVERSION 2019 PARA 2020,1,Organización,2/15/2020,30000,10/1/2022,,37,4
1020447693,F2F REINVERSION 2019 PARA 2020,0,Organización,2/23/2020,60000,11/2/2021,,22,21
1020447695,F2F REINVERSION 2019 PARA 2020,0,Organización,2/23/2020,20000,4/2/2020,,2,0
1020447845,,0,Organización,2/27/2020,,2/27/2020,,1,0
1020447849,,0,Organización,3/2/2020,,3/2/2020,,1,0
1020448164,F2F REINVERSION 2019 PARA 2020,1,Organización,3/30/2020,100000,10/2/2022,,75,6
1020448431,,0,Organización,4/21/2020,,4/22/2020,,1,0
1020448737,,0,Organización,,,2/26/2021,,2,0
1020448945,,0,Organización,5/28/2020,,5/28/2020,,1,0
1020449049,R.F. F2F  2020,0,Organización,5/22/2020,50000,10/9/2020,,2,5
1020449085,,1,Organización,6/3/2020,,2/16/2022,,5,0
1020449179,,1,Organización,6/19/2020,,6/23/2020,,2,0
1020449181,,0,Organización,6/20/2020,,6/20/2020,,1,0
1020449341,,0,Organización,6/26/2020,,6/26/2020,,1,0
1020449698,,0,Organización,7/28/2020,,4/26/2021,,5,0
1020449754,,0,Organización,8/5/2020,,8/5/2020,,1,0
1020449756,,0,Organización,8/6/2020,,8/6/2020,,1,0
1020450107,,0,Organización,9/1/2020,,9/1/2020,,2,0
1020450239,,0,Organización,9/21/2020,,9/21/2020,,1,0
1020450250,COF2FR.F. 2021,0,Organización,9/25/2020,100000,3/10/2021,,1,33
1020450408,F2F REINVERSION 2019 PARA 2020,0,Organización,9/17/2020,100000,,,0,0
1020450531,,0,Organización,10/14/2020,,10/14/2020,,1,0
1020450704,,0,Organización,10/21/2020,,10/21/2020,,1,0
1020450869,,0,Organización,11/3/2020,,1/11/2021,,2,0
1020451197,,0,Organización,11/10/2020,,11/10/2020,,1,0
1020451483,,0,Organización,11/26/2020,,11/26/2020,,1,0
1020451494,SPIF DIGITAL 2015,1,Organización,10/3/2015,50000,10/2/2022,,26,7
1020451976,,0,Organización,9/7/2020,,,,0,2
1020452047,,0,Organización,12/24/2020,,12/24/2020,,1,0
1020452050,,0,Organización,12/30/2020,,12/30/2020,,1,0
1020452092,F2F IF4C,0,Organización,6/24/2016,30000,,,0,31
1020452093,SGIP F2F III,0,Organización,11/25/2014,50000,,,0,32
1020452096,F2F IF4C,0,Organización,1/15/2021,50000,,,0,31
1020452098,SPIF TELEMERCADEO 2015,0,Organización,9/30/2015,20000,2/3/2021,,1,31
1020452114,R.F. WCB 2020,0,Organización,12/22/2020,60000,1/3/2022,,13,18
1020452190,,0,Organización,1/6/2021,,1/6/2021,,1,0
1020452197,,0,Organización,1/7/2021,,1/7/2021,,1,0
1020452224,,0,Organización,1/4/2021,,1/4/2021,,1,0
1020452225,,0,Organización,1/12/2021,,1/12/2021,,1,0
1020452322,,0,Organización,1/20/2021,,1/21/2021,,1,0
1020452425,,0,Organización,1/25/2021,,1/24/2021,,1,0
1020452739,,0,Organización,2/5/2021,,2/9/2021,,1,0
1020452871,,0,Organización,2/18/2021,,2/18/2021,,1,0
1020452882,,0,Organización,2/18/2021,,3/23/2021,,4,0
1020452984,COF2FR.F. 2021,1,Organización,2/21/2021,30000,10/1/2022,,29,0
1020453128,,0,Organización,2/22/2021,,3/30/2021,,1,0
1020453419,COF2FD2D 2021,1,Organización,1/15/2021,300000,10/2/2022,,29,0
1020453989,,0,Organización,3/26/2021,,3/26/2021,,1,0
1020454839,,0,Organización,4/14/2021,,6/22/2021,,2,0
1020455050,,0,Organización,4/20/2021,,4/20/2021,,1,0
1020455251,COF2FD2D 2021,0,Organización,4/30/2021,100000,4/1/2022,,12,16
1020455280,COF2FR.F. 2021,0,Organización,5/1/2021,30000,6/2/2021,,2,1
1020455346,,0,Organización,4/16/2021,,6/1/2021,,2,0
1020455511,,0,Organización,5/6/2021,,5/6/2021,,1,0
1020455549,COF2FD2D 2021,1,Organización,5/9/2021,100000,10/1/2022,,26,0
1020455667,,0,Organización,5/13/2021,,5/13/2021,,1,0
1020455669,,0,Organización,5/10/2021,,8/5/2021,,2,0
1020455891,,0,Organización,5/21/2021,,8/5/2021,,2,0
1020455892,,0,Organización,5/11/2021,,5/11/2021,,1,0
1020456081,,0,Organización,5/28/2021,,6/17/2021,,2,0
1020456158,WCB REINVERSIÓN 2019 PARA 2020,0,Organización,1/1/2021,30000,5/6/2021,,5,26
1020456163,COF2FD2D 2021,1,Organización,5/7/2021,100000,10/1/2022,,26,0
1020456408,,0,Organización,6/1/2021,,6/1/2021,,1,0
1020456476,,0,Organización,6/6/2021,,6/6/2021,,1,0
1020456726,COF2FD2D 2021,1,Organización,6/12/2021,100000,10/1/2022,,24,1
1020456785,COWCBD2D 2021,1,Organización,6/17/2021,1000000,10/7/2022,,24,1
1020456870,COWCB R.F.2021,0,Organización,6/21/2021,30000,7/3/2022,,16,10
1020456877,COF2FD2D 2021,1,Organización,6/18/2021,100000,10/1/2022,,25,0
1020457139,,0,Organización,6/21/2021,,6/21/2021,,2,0
1020457142,,0,Organización,6/22/2021,,6/22/2021,,1,0
1020457313,,0,Organización,6/3/2021,,6/3/2021,,1,0
1020457380,COF2FD2D 2021,1,Organización,6/26/2021,100000,10/1/2022,,20,0
1020457604,,0,Organización,6/29/2021,,6/29/2021,,1,0
1020457716,COF2FD2D 2021,1,Organización,6/24/2021,100000,10/1/2022,,23,1
1020457908,COF2FD2D 2021,1,Organización,6/28/2021,100000,10/1/2022,,24,0
1020458272,,0,Organización,7/2/2021,,7/2/2021,,1,0
1020458276,,0,Organización,7/7/2021,,7/7/2021,,1,0
1020458527,,0,Organización,7/16/2021,,7/16/2021,,1,0
1020460308,COF2FD2D 2021,0,Organización,8/14/2021,110000,,,0,22
1020460483,,0,Organización,8/2/2021,,8/2/2021,,1,0
1020458830,COF2FD2D 2021,1,Organización,7/16/2021,100000,10/1/2022,,23,0
1020459053,,0,Organización,7/29/2021,,7/29/2021,,1,0
1020459301,COF2FD2D 2021,0,Organización,7/31/2021,200000,,,0,25
1020460797,,0,Organización,8/20/2021,,8/20/2021,,1,0
1020461814,COWCB R.F.2021,0,Organización,12/11/2020,30000,5/16/2022,,6,16
1020462291,,0,Organización,9/9/2021,,9/9/2021,,1,0
1020464397,COWCBD2D 2021,0,Organización,10/23/2021,100000,11/11/2021,,1,21
1020464643,COF2FD2D 2021,1,Organización,9/26/2021,30000,10/2/2022,,21,0
1020464647,COF2FD2D 2021,1,Organización,10/9/2021,100000,8/1/2022,,11,10
1020464751,COF2FD2D 2021,1,Organización,9/27/2021,100000,7/3/2022,,13,9
1020465299,,0,Organización,10/28/2021,,10/28/2021,,2,0
1020465655,,0,Organización,11/8/2021,,11/8/2021,,1,0
1020465657,,0,Organización,11/11/2021,,2/24/2022,,4,0
1020465904,COF2FD2D 2021,0,Organización,11/12/2021,100000,9/16/2022,,10,11
1020466305,,0,Organización,11/11/2021,,11/11/2021,,1,0
1020466309,,0,Organización,11/11/2021,,11/11/2021,,1,0
1020466363,,0,Organización,8/11/2021,,10/12/2021,,3,0
1020466367,,0,Organización,10/22/2021,,10/22/2021,,1,0
1020467298,,0,Organización,12/2/2021,,12/2/2021,,1,0
1020468668,,0,Organización,12/6/2021,,1/12/2022,,2,0
1020469562,D2D Activas 2021,1,Organización,1/1/2021,40000,10/1/2022,,32,0
1020471485,COF2FR.F.2022,1,Organización,1/26/2022,80000,10/1/2022,,18,1
1020471492,COF2FD2D2022,1,Organización,1/26/2022,100000,10/1/2022,,17,1
1020473920,COF2FD2D2022,1,Organización,3/5/2022,100000,10/1/2022,,16,0
1020474567,COWCBD2D2022,0,Organización,,4000000,3/29/2022,,1,1
1020474868,COF2FD2D2022,0,Organización,3/26/2022,100000,,,0,17
1020475594,,0,Organización,3/3/2022,,3/1/2022,,1,0
1020475854,,0,Organización,10/22/2021,,8/17/2022,,4,0
1020477465,,0,Organización,5/5/2022,,5/5/2022,,1,0
1020477512,,1,Organización,12/10/2020,,,,0,0
1020477999,COF2FD2D2022,1,Organización,5/22/2022,100000,10/1/2022,,14,0
1020478748,COF2FD2D2022,1,Organización,5/14/2022,100000,10/3/2022,,14,0
1020478822,F2F RE-INVERSIÓN 2018,1,Organización,6/9/2022,40000,10/1/2022,,5,8
1020478987,COWCBD2D2022,1,Organización,6/14/2022,100000,10/15/2022,,14,0
1020479367,COF2FD2D2022,1,Organización,6/25/2022,100000,10/1/2022,,13,0
1020480189,,0,Organización,6/28/2022,,6/28/2022,,1,0
1020480190,,0,Organización,6/17/2022,,6/17/2022,,1,0
1020480191,,0,Organización,6/9/2022,,6/9/2022,,1,0
1020480192,,0,Organización,6/3/2022,,6/3/2022,,1,0
1020480343,COF2FD2D2022,1,Organización,7/10/2022,100000,10/1/2022,,12,0
1020480709,,0,Organización,6/1/2022,,8/17/2022,,1,0
1020480801,,0,Organización,7/22/2022,,7/22/2022,,1,0
1020480818,COF2FD2D2022,1,Organización,7/16/2022,100000,10/1/2022,,12,0
1020480958,COF2FD2D2022,1,Organización,7/28/2022,100000,10/5/2022,,9,3
1020481587,,0,Organización,7/27/2022,,7/27/2022,,1,0
1020439688,IF4C F2F 3 - 2019,1,Organización,11/18/2018,50000,10/1/2022,,47,10
1020439705,,0,Organización,11/27/2018,,2/28/2019,Constantes,2,0
1020439706,F2F RE-INVERSIÓN 2018,0,Organización,11/27/2018,100000,4/3/2020,Constantes,18,39
1020439773,,0,Organización,12/4/2018,,12/4/2018,Constantes,1,0
1020440918,,0,Organización,3/18/2019,,12/18/2020,,2,0
1020441522,F2F REINV 2018 PARA 2019,1,Organización,4/28/2019,50000,10/1/2022,,47,4
1020441644,F2F REINV 2018 PARA 2019,0,Organización,4/30/2019,100000,,,0,52
1020443152,R.F. WCB 2020,0,Organización,6/10/2019,30000,5/2/2022,,19,32
1020443262,,0,Organización,7/9/2019,,8/22/2022,,1,1
1020443265,,0,Organización,7/9/2019,,,,0,0
1020443267,,0,Organización,7/9/2019,,,,0,0
1020443271,,0,Organización,,,,,0,0
1020443376,,0,Organización,7/15/2019,,,,0,0
1020443383,,0,Organización,7/15/2019,,,,0,0
1020443388,,0,Organización,7/15/2019,,,,0,0
1020443676,,0,Organización,7/30/2019,,,,1,14
1020443678,,0,Organización,,,,,0,0
1020443684,D2D Activas 2021,1,Organización,7/18/2019,250000,10/1/2022,,46,2
1020443691,IF4C F2F 3 - 2019,0,Organización,7/18/2019,100000,10/7/2019,,3,47
1020443693,IF4C F2F 3 - 2019,0,Organización,7/23/2019,30000,,,0,47
1020443842,,0,Organización,8/8/2019,,8/30/2022,,2,0
1020444444,,0,Organización,9/4/2019,,9/7/2020,,3,0
1020444553,WCB REINVERSIÓN 2019 PARA 2020,1,Organización,9/3/2019,50000,10/2/2022,,74,2
1020444650,,0,Organización,6/30/2019,,,,0,0
1020444651,,0,Organización,9/17/2019,,,,0,0
1020445108,R.F. WCB 2020,0,Organización,10/1/2019,30000,11/10/2021,,10,26
1020445317,WCB REINVERSIÓN 2019 PARA 2020,1,Organización,10/16/2019,20000,10/2/2022,,43,3
1020445333,,0,Organización,1/7/2020,,12/30/2021,,3,0
1020445895,,0,Organización,11/8/2019,,11/9/2019,,2,0
1020446581,Gestión de Telemercadeo de #SoySuVoz3 - SSV3,0,Organización,12/17/2019,30000,,,0,44
1020446794,,0,Organización,11/10/2019,,12/4/2019,,1,0
1020447061,F2F REINV 2018 PARA 2019,0,Organización,1/5/2020,35000,,,0,42
1020447333,WCB REINVERSIÓN 2019 PARA 2020,0,Organización,2/5/2020,20000,4/5/2020,,1,1
1020449374,WCB REINVERSIÓN 2019 PARA 2020,0,Organización,7/8/2020,30000,9/2/2022,,27,10
1020457978,COF2FD2D 2021,1,Organización,7/10/2021,200000,10/3/2022,,23,2
1020460451,COWCB R.F.2021,0,Organización,8/24/2021,30000,10/24/2021,,3,0
1020459411,COWCBD2D 2021,1,Organización,7/30/2021,100000,10/1/2022,,24,0
1020468918,,0,Organización,,,,,0,1
1020468920,,0,Organización,,,,,0,1
1020474107,COWCBD2D2022,1,Organización,3/11/2022,100000,10/9/2022,,17,0
1020475114,COF2FD2D2022,1,Organización,3/27/2022,200000,10/1/2022,,16,0
1020475117,COF2FD2D2022,1,Organización,3/27/2022,100000,10/10/2022,,16,0
1020476097,COF2FD2D2023,1,Organización,4/10/2022,100000,,,2,13
1020476289,COF2FD2D2022,1,Organización,4/15/2022,100000,10/22/2022,,15,1
1020478906,COF2FD2D2023,1,Organización,6/11/2022,100000,,,1,13
1020480288,COF2FD2D2022,1,Organización,,100000,10/15/2022,,5,1
1020483440,COF2FD2D2023,0,Organización,9/16/2022,100000,,,3,9
1020484153,COF2FD2D2023,1,Organización,10/2/2022,100000,,,1,8
1020488859,COF2FR.F.2023,1,Organización,1/1/2023,30000,,,7,0
1020005102,SPIF DIGITAL 2016,1,Organización,5/10/2010,50000,10/2/2022,Ideales,137,53
1020008056,AMIGOS,0,Organización,5/10/2010,15000,,,55,0
1020065841,SPIF CORPORATE 2015,0,Organización,5/10/2010,20000,,,0,0
1020065858,SPIF CORPORATE 2015,0,Organización,5/10/2010,20000,,,0,0
1020066047,,0,Organización,5/10/2010,,11/29/2018,,8,0
1020075576,SPIF CORPORATE 2015,0,Organización,11/26/2010,100000,,,1,0
1020077382,SPIF CORPORATE 2015,0,Organización,12/17/2010,200000,,,1,0
1020077390,SPIF CORPORATE 2015,0,Organización,12/17/2010,2000000,,,1,0
1020077416,SPIF CORPORATE 2015,0,Organización,12/17/2010,125000,1/2/2017,Distantes,60,96
1020077440,SPIF CORPORATE 2015,0,Organización,12/17/2010,1281445,,,1,0
1020077457,SPIF CORPORATE 2015,0,Organización,12/17/2010,200000,,,1,0
1020077531,SPIF CORPORATE 2015,0,Organización,12/29/2010,2160000,,,1,0
1020077978,SPIF CORPORATE 2015,0,Organización,12/30/2010,100000,,,8,12
1020079750,SPIF CORPORATE 2015,0,Organización,2/1/2011,100000,,Extraviados,24,9
1020079768,SPIF CORPORATE 2015,0,Organización,2/1/2011,100000,,,5,0
1020080055,AMIGOS,1,Organización,2/1/2011,200000,10/1/2022,Ideales,123,47
1020094015,,0,Organización,1/27/2012,,1/31/2015,Extraviados,21,5
1020094262,SPIF CORPORATE 2015,1,Organización,1/30/2012,250000,10/1/2022,Constantes,137,23
1020096655,SPIF CORPORATE 2015,0,Organización,5/25/2012,1000000,8/31/2020,,1,0
1020097737,,0,Organización,9/4/2012,,12/24/2019,Distantes,8,0
1020097984,SPIF CORPORATE 2015,0,Organización,9/5/2012,1247841,,,3,0
1020098347,SPIF CORPORATE 2015,0,Organización,9/11/2012,20000,,,0,0
1020098446,SPIF CORPORATE 2015,0,Organización,9/13/2012,100000,5/31/2015,Extraviados,5,41
1020100127,SPIF DIGITAL 2016,0,Organización,10/18/2012,100000,12/1/2017,,9,2
1020240527,SGIP F2F III,0,Organización,11/13/2015,20000,,,0,12
1020248074,SGIP F2F III,0,Organización,11/23/2015,300000,11/23/2015,Extraviados,1,0
1020251524,SPIF DIGITAL 2015,0,Organización,11/27/2015,60000,8/31/2016,Extraviados,8,17
1020252852,SPIF F2F 2015,0,Organización,11/27/2015,20000,5/2/2018,Constantes,6,85
1020308696,,0,Organización,5/24/2016,,7/31/2016,Extraviados,3,0
1020310452,D2D Activas 2021,1,Organización,6/1/2016,200000,10/1/2022,Constantes,87,0
1020311146,GESTION CORPORATE 2016,0,Organización,6/7/2016,109449138,7/15/2020,Extraviados,15,16
1020311179,SPIF F2F 2016,0,Organización,6/7/2016,50000,,,0,0
1020262752,,0,Organización,12/16/2015,,4/1/2020,Constantes,34,31
1020367445,F2F LOCAL 2017,0,Organización,3/4/2017,200000,2/1/2018,Distantes,11,6
1020411541,F2F IF4C,0,Organización,3/5/2017,50000,8/1/2021,Constantes,53,24
1020372676,#MundosPosibles - WBC - 2017,0,Organización,5/10/2017,30000,2/2/2021,Constantes,42,7
1020370118,#MundosPosibles - WBC - 2017,1,Organización,5/2/2017,30000,10/3/2022,Constantes,58,17
1020379176,F2F LOCAL 2017,0,Organización,6/24/2017,30000,2/1/2018,Distantes,8,66
1020411596,F2F IF4C,0,Organización,8/13/2017,100000,3/1/2019,,13,56
1020391494,F2F LOCAL 2017,0,Organización,9/9/2017,30000,11/23/2018,,10,60
1020404784,F2F IF4C,1,Organización,11/10/2017,100000,10/1/2022,,68,0
1020412079,AMIGOS,0,Organización,1/26/2018,25000,1/31/2018,Constantes,492,218
1020412082,AMIGOS,0,Organización,1/26/2018,25000,7/13/2018,Constantes,21,72
1020422976,F2F RE-INVERSIÓN 2018,0,Organización,5/16/2018,30000,12/14/2018,,2,61
1020423481,F2F RE-INVERSIÓN 2018,0,Organización,6/9/2018,30000,4/1/2019,,9,53
1020433400,F2F RE-INVERSIÓN 2018,0,Organización,8/12/2018,200000,7/1/2019,Constantes,11,4
1020430299,IF4C F2F II 2018,0,Organización,7/25/2018,100000,10/6/2019,Distantes,8,53
1020436551,F2F RE-INVERSIÓN 2018,0,Organización,9/15/2018,100000,3/3/2021,Constantes,30,15
1020441504,SPIF CORPORATE 2015,1,Organización,1/1/2015,100000,10/1/2022,,103,0
1020444661,F2F REINV 2018 PARA 2019,1,Organización,9/10/2019,100000,10/3/2022,,47,0
1020445216,D2D Activas 2021,0,Organización,10/4/2019,200000,4/9/2021,,13,6
1020446726,F2F REINVERSION 2019 PARA 2020,1,Organización,12/11/2019,100000,10/2/2022,,41,2
1020448479,D2D Activas 2021,1,Organización,4/17/2020,200000,10/1/2022,,39,0
1020451950,COF2FR.F. 2021,1,Organización,12/1/2020,100000,10/1/2022,,29,2
1020457256,COWCB R.F.2022,1,Organización,6/24/2021,150000,10/1/2022,,30,2
1020441053,F2F REINV 2018 PARA 2019,0,Organización,3/24/2019,50000,1/1/2022,,34,18
1020445186,F2F REINVERSION 2019 PARA 2020,1,Organización,9/29/2019,80000,10/2/2022,,36,10
1020446094,,0,Organización,11/19/2019,,11/15/2019,,1,0
1020446369,,0,Organización,11/12/2019,,11/12/2019,,1,0
1020446728,F2F REINVERSION 2019 PARA 2020,0,Organización,12/13/2019,100000,2/1/2020,,2,0
1020447692,F2F REINVERSION 2019 PARA 2020,1,Organización,2/23/2020,50000,10/4/2022,,37,4
1020449056,,0,Organización,6/1/2020,,6/1/2020,,1,0
1020450240,,0,Organización,9/22/2020,,9/22/2020,,2,0
1020450350,,0,Organización,5/13/2020,,10/1/2020,,1,0
1020451964,,0,Organización,12/23/2020,,12/22/2020,,1,0
1020451975,,0,Organización,12/22/2020,,12/22/2020,,1,0
1020452095,SGIP F2F I,0,Organización,9/8/2014,20000,,,0,31
1020452097,SPIF F2F 2016,1,Organización,8/31/2015,20000,10/1/2022,,31,0
1020452099,IF4C F2F II 2018,1,Organización,5/1/2018,30000,,,4,27
1020452319,,0,Organización,1/20/2021,,1/19/2021,,1,0
1020452507,,0,Organización,1/28/2021,,1/28/2021,,1,0
1020453132,,0,Organización,2/22/2021,,3/30/2021,,1,0
1020453811,COF2FD2D 2021,1,Organización,3/22/2021,100000,10/1/2022,,21,1
1020455822,COF2FD2D 2021,1,Organización,5/17/2021,100000,10/1/2022,,27,0
1020456882,,0,Organización,5/11/2021,,,,0,9
1020460080,COF2FD2D 2021,1,Organización,8/15/2021,100000,10/1/2022,,23,0
1020460440,COF2FD2D 2021,1,Organización,8/21/2021,100000,10/1/2022,,23,0
1020459225,SPIF DIGITAL 2015,1,Organización,,50000,10/20/2022,,31,0
1020461384,,0,Organización,9/3/2021,,9/10/2021,,1,0
1020461725,COF2FD2D 2021,1,Organización,9/11/2021,100000,10/1/2022,,22,0
1020461976,COWCB R.F.2021,0,Organización,9/18/2021,30000,5/24/2022,,6,17
1020462296,COF2FD2D 2021,1,Organización,9/12/2021,100000,10/9/2022,,21,3
1020463671,IF4C F2F II 2018,0,Organización,11/22/2018,390000,12/9/2021,,10,23
1020464652,COF2FD2D 2021,1,Organización,10/14/2021,200000,10/1/2022,,21,0
1020465884,COF2FD2D2022,1,Organización,11/15/2021,100000,10/1/2022,,18,2
1020468665,,0,Organización,12/6/2021,,12/6/2021,,1,0
1020474669,COF2FD2D2022,1,Organización,3/21/2022,100000,10/1/2022,,15,1
1020475597,,0,Organización,3/22/2022,,3/1/2022,,1,0
1020476747,,0,Organización,4/22/2022,,4/28/2022,,1,0
1020476845,COF2FR.F.2022,1,Organización,4/23/2022,50000,10/1/2022,,15,0
1020477949,COF2FD2D2022,0,Organización,5/21/2022,100000,,,0,14
1020477956,COF2FD2D2022,1,Organización,,200000,10/1/2022,,14,0
1020478005,COF2FD2D2022,1,Organización,5/24/2022,100000,10/23/2022,,15,0
1020478164,COF2FD2D2022,0,Organización,5/30/2022,200000,,,0,13
1020478841,COWCBD2D2022,1,Organización,6/11/2022,100000,10/11/2022,,7,0
1020480233,,0,Organización,1/1/2021,,6/8/2022,,1,0
1020480823,,0,Organización,7/13/2022,,7/13/2022,,1,0
1020481586,,0,Organización,7/29/2022,,10/1/2022,,6,0
1020481589,,0,Organización,7/26/2022,,7/26/2022,,1,0
1020481594,,0,Organización,8/4/2022,,8/1/2022,,5,0
1020481809,COF2FR.F.2022,1,Organización,8/6/2022,100000,,,9,2
1020481831,COWCBD2D2022,1,Organización,8/11/2022,100000,10/9/2022,,11,1
1020482472,COF2FD2D2022,1,Organización,8/14/2022,200000,10/1/2022,,10,1
1020482516,COF2FD2D2022,0,Organización,8/27/2022,100000,10/1/2022,,6,5
1020483063,,0,Organización,8/29/2022,,8/29/2022,,1,0
1020483264,COWCBD2D2022,1,Organización,9/12/2022,100000,10/4/2022,,11,0
1020483436,COF2FD2D2022,1,Organización,9/16/2022,200000,10/16/2022,,7,4
1020483625,COF2FD2D2023,1,Organización,9/14/2022,100000,,,1,9
1020483641,,0,Organización,9/8/2022,,9/8/2022,,1,0
1020483642,,0,Organización,9/8/2022,,9/8/2022,,1,0
1020483913,,0,Organización,9/29/2022,,9/22/2022,,1,0
1020484158,COF2FR.F.2022,1,Organización,10/5/2022,60000,10/3/2022,,9,2
1020484885,COF2FD2D2022,1,Organización,10/8/2022,100000,,,5,4
1020485210,GESTION CORPORATE 2016,1,Organización,10/20/2022,0,10/13/2022,,8,2
1020485227,COF2FD2D2023,1,Organización,10/13/2022,150000,,,7,3
1020485621,COF2FR.F.2022,0,Organización,10/30/2022,100000,,,0,1
1020485644,,0,Organización,10/19/2022,,10/19/2022,,1,0
1020485645,,0,Organización,10/28/2022,,10/28/2022,,1,0
1020485672,COF2FD2D2022,1,Organización,10/29/2022,100000,,,8,1
1020486173,COF2FR.F.2022,1,Organización,11/29/2022,30000,,,7,2
1020486202,COF2FD2D2022,1,Organización,12/1/2022,1200000,,,1,0
1020486398,COF2FD2D2022,1,Organización,11/6/2022,1200000,,,1,0
1020486495,COWCBD2D2022,1,Organización,11/15/2022,100000,,,8,0
1020486859,COF2FD2D2022,1,Organización,11/19/2022,100000,,,8,0
1020488137,,0,Organización,,,,,1,0
1020488841,,0,Organización,,,,,0,1
1020489194,COF2FR.F.2023,1,Organización,1/24/2023,100000,,,2,5
1020489201,,0,Organización,1/20/2023,,,,1,0
1020489202,,0,Organización,1/19/2023,,,,1,0
1020490122,COF2FD2D2023,1,Organización,2/10/2023,100000,,,4,2
1020490245,COWCBD2D2023,1,Organización,2/18/2023,150000,,,5,0
1020490316,COF2FD2D2023,1,Organización,2/19/2023,100000,,,5,0
1020490389,Donaciones en efectivo 2023,1,Organización,,228379,,,6,0
1020490391,Donaciones en efectivo 2023,1,Organización,,145269,,,5,1
1020490392,Donaciones en efectivo 2023,1,Organización,,162447,,,6,0
1020490490,COF2FD2D2023,1,Organización,2/25/2023,200000,,,1,4
1020490578,,0,Organización,2/17/2023,,,,1,0
1020491085,COF2FD2D2023,1,Organización,3/5/2023,100000,,,5,0
1020491088,,0,Organización,2/27/2023,,,,1,0
1020491368,COF2FD2D2023,1,Organización,3/12/2023,100000,,,1,3
1020491472,,0,Organización,3/6/2023,,,,1,0
1020491483,,0,Organización,3/1/2023,,,,1,0
1020364459,#SoySuVoz 1 (SSV1) - WBC - 2017,0,Organización,3/3/2017,200000,5/2/2018,Extraviados,10,6
1020412842,SGIP F2F III,1,Organización,3/22/2018,20000,10/2/2022,Constantes,63,1
1020492623,,0,Organización,4/19/2023,,,,1,0
1020492624,,0,Organización,4/12/2023,,,,1,0
1020492860,COF2FD2D2023,1,Organización,4/22/2023,200000,,,3,0
1020493560,COWCB R.F.2023,0,Organización,5/11/2023,100000,,,0,1
1020493690,COF2FD2D2023,1,Organización,5/13/2023,150000,,,3,0
1020494081,,0,Organización,5/16/2023,,,,1,0
1020494705,COWCB R.F.2023,1,Organización,6/8/2023,100000,,,2,0
1020494763,,0,Organización,6/12/2023,,,,0,0
1020494917,COF2FD2D2023,1,Organización,6/12/2023,100000,,,1,0
1020494971,COF2FD2D2023,1,Organización,6/17/2023,100000,,,1,0
1020495056,COF2FR.F.2023,1,Organización,6/19/2023,50000,,,1,0
1020495109,,0,Organización,6/21/2023,,,,1,0
1020495130,,0,Organización,,,,,1,0
1020495286,,0,Organización,6/6/2023,,,,1,0
1020495396,COF2FD2D2023,1,Organización,7/29/2023,100000,,,1,0
1020495941,Donaciones en efectivo 2023,1,Organización,,0,,,2,0
1020496059,COF2FD2D2023,1,Organización,7/7/2023,200000,,,0,0
1020496390,COWCBD2D2023,1,Organización,7/18/2023,100000,,,2,0
1020496527,COF2FR.F.2023,1,Organización,7/23/2023,100000,,,1,0
1020496592,,0,Organización,,,,,1,0
1020496597,,0,Organización,7/25/2023,,,,0,0
1020496703,COF2FR.F.2023,1,Organización,,100000,,,1,0
1020496803,,0,Organización,7/5/2023,,,,1,0
1020482518,COF2FD2D2022,0,Organización,8/27/2022,100000,,,0,12
1020483096,COBRADOR IBAGUE,1,Organización,8/1/2022,10000,10/1/2022,,12,0
1020483878,,0,Organización,9/14/2022,,9/14/2022,,1,0
1020485216,,0,Organización,10/14/2022,,10/14/2022,,1,0
1020486287,,0,Organización,10/16/2022,,10/10/2022,,1,0
1020486400,COF2FR.F.2022,0,Organización,11/6/2022,100000,,,0,0
1020487642,COWCBD2D2022,0,Organización,12/6/2022,100000,,,2,5
1020488825,COF2FD2D2023,1,Organización,1/1/2023,100000,,,7,0
1020488844,,0,Organización,,,,,1,0
1020489007,COWCBD2D2023,1,Organización,1/18/2023,100000,,,7,0
1020489229,,0,Organización,1/26/2023,,,,1,0
1020489398,,0,Organización,1/30/2023,,,,3,0
1020489400,COWCBD2D2023,0,Organización,2/1/2023,100000,,,0,1
1020490393,Donaciones en efectivo 2023,1,Organización,,256271,,,5,1
1020491699,COWCBD2D2023,0,Organización,3/31/2023,100000,,,0,1
1020493716,COF2FD2D2023,0,Organización,5/14/2023,100000,,,0,3
1020493821,COF2FD2D2023,0,Organización,5/10/2023,100000,,,0,3
1020495407,,0,Organización,6/8/2023,,,,1,0
1020495408,,0,Organización,6/14/2023,,,,1,0
1020495942,Donaciones en efectivo 2023,1,Organización,,0,,,2,0
1020496521,COF2FD2D2023,0,Organización,7/23/2023,100000,,,0,1
